customer_id,customer_name,email,phone,City,State,signup_date
CUST0001,Simon Iyer,simon.iyer15@gmail.com,141307426,Lucknow,Uttar Pradesh,2023-08-17
CUST0002,Matthew Doshi,matthew.doshi4@gmail.com,937340205,Mumbai,Maharashtra,2024-08-09
CUST0003,Aradhana Subramaniam,aradhana.subramaniam76@outlook.com,9400016158,Pune,Maharashtra,13-06-2023
CUST0004,Oni Jain,oni.jain12@gmail.con,165371224,Delhi,Delhi,2024-09-10
CUST0005,Darika Bala,darika.bala71@outlook.com,,Delhi,Delhi,2024-06-01
CUST0006,Anthony Randhawa,anthony.randhawa30@gmail.com,65107437307,Delhi,Delhi,2024-10-12
CUST0007,George Menon,george.menon82@yahoo.com,1349680093,Jaipur,Rajasthan,17-06-2023
CUST0008,Ikshita Bhavsar,ikshita.bhavsar42@gmail.com,9539787558,Lucknow,Uttar Pradesh,20-11-2023
CUST0009,Chaitanya Dar,chaitanya.dar84@gmail.con,4193439615,Bengaluru,Karnataka,2024-04-14
CUST0010,Wriddhish Nanda,wriddhish.nanda75@gmail.con,1102902524,Nagpur,Maharashtra,2024-05-06
CUST0011,Aarna Dey,aarna.dey88@gmail.con,57264212317,Chandigarh,Chandigarh,2024-01-26
CUST0012,Chakradev Sura,chakradev.sura93@gmail.com,7239290500,Lucknow,Uttar Pradesh,2023-10-01
CUST0013,Liam Char,liam.char93@outlook.com,9030231481,Surat,Gujarat,2024-03-06
CUST0014,Unni Comar,unni.comar48@yahoo.com,4455645513,Bengaluru,Karnataka,2023-01-01
CUST0015,Ojasvi Aggarwal,ojasvi.aggarwal8@yahoo.com,8189707704,Bengaluru,Karnataka,29-03-2023
CUST0016,Ekta Sastry,ekta.sastry85@gmail.con,4240601145,Bengaluru,Karnataka,29-09-2023
CUST0017,Ayaan Thaker,ayaan.thaker40@gmail.con,8806289343,Surat,Gujarat,18-01-2024
CUST0018,Nakul Deep,nakul.deep76@yahoo.com,8616858276,Mumbai,Maharashtra,14-03-2023
CUST0019,Vasana Kant,vasana.kant66@yahoo.com,54592949052,Delhi,Delhi,2023-08-08
CUST0020,Gunbir Dyal,gunbir.dyal61@gmail.con,9655494235,Chandigarh,Chandigarh,2024-11-05
CUST0021,Mugdha Chopra,mugdha.chopra52@outlook.com,7351662702,Mumbai,Maharashtra,2023-09-12
CUST0022,Madhav Vig,madhav.vig10@gmail.con,9047387400,Bengaluru,Karnataka,2023-11-04
CUST0023,Xalak Dube,xalak.dube53@gmail.con,76063329628,Bengaluru,Karnataka,2023-03-02
CUST0024,Pooja Chatterjee,pooja.chatterjee55@gmail.con,89465227064,Hyderabad,Telangana,2023-08-11
CUST0025,Mekhala Lanka,mekhala.lanka75@gmail.con,4082715908,Mumbai,Maharashtra,2023-06-11
CUST0026,Krish Bora,krish.bora31@gmail.con,9092148293,Lucknow,Uttar Pradesh,2023-10-09
CUST0027,Inaya Sehgal,inaya.sehgal34@yahoo.com,77253111039,Nagpur,Maharashtra,2023-09-02
CUST0028,Panini Chanda,panini.chanda59@gmail.com,3771687187,Mumbai,Maharashtra,2024-02-06
CUST0029,Naksh Das,naksh.das21@gmail.con,7989505506,Hyderabad,Telangana,2023-06-11
CUST0030,Ekalinga Mand,ekalinga.mand85@gmail.com,3304047087,Nagpur,Maharashtra,28-09-2023
CUST0031,Robert Tiwari,robert.tiwari44@yahoo.com,75521828292,Surat,Gujarat,2024-06-01
CUST0032,Dayita Hayre,,877217889,Indore,Madhya Pradesh,2024-10-14
CUST0033,Bimala Sethi,bimala.sethi10@yahoo.com,,Delhi,Delhi,2024-08-19
CUST0034,Baljiwan Bora,baljiwan.bora46@yahoo.com,5406667127,Nagpur,Maharashtra,16-04-2023
CUST0035,Jyoti Manne,jyoti.manne31@yahoo.com,4574016874,Nagpur,Maharashtra,27-02-2024
CUST0036,Ekantika Raval,ekantika.raval21@gmail.com,3353511846,Hyderabad,Telangana,26-04-2024
CUST0037,Kalpit Sunder,kalpit.sunder4@yahoo.com,17818884436,Bengaluru,Karnataka,13-03-2023
CUST0038,Bhanumati Nayak,bhanumati.nayak15@outlook.com,83035405470,Mumbai,Maharashtra,2023-02-09
CUST0039,Advika Chakraborty,advika.chakraborty74@yahoo.com,8991266559,Kolkata,West Bengal,22-03-2024
CUST0040,Ekalinga Gala,ekalinga.gala56@gmail.com,69606154037,Chennai,Tamil Nadu,30-09-2024
CUST0041,Radhika Tiwari,radhika.tiwari53@outlook.com,56916845678,Lucknow,Uttar Pradesh,21-07-2024
CUST0042,Chatura Shere,chatura.shere73@outlook.com,4520055158,Jaipur,Rajasthan,2023-11-08
CUST0043,Gabriel Swamy,gabriel.swamy57@yahoo.com,9443009241,Pune,Maharashtra,2023-06-23
CUST0044,Lakshmi More,lakshmi.more97@yahoo.com,3058223981,Indore,Madhya Pradesh,2023-07-23
CUST0045,Ucchal Khanna,ucchal.khanna54@yahoo.com,1257218646,Pune,Maharashtra,2024-05-21
CUST0046,Radhika Aurora,radhika.aurora55@yahoo.com,2204258337,Chandigarh,Chandigarh,14-06-2024
CUST0047,Isaac Sachdeva,isaac.sachdeva60@outlook.com,37831210735,Chandigarh,Chandigarh,2024-09-19
CUST0048,Keya Dhingra,keya.dhingra21@gmail.con,9655092670,Nagpur,Maharashtra,2024-10-14
CUST0049,Faraj Pandey,faraj.pandey92@outlook.com,10859558839,Delhi,Delhi,24-11-2023
CUST0050,Brinda Borra,brinda.borra28@gmail.com,5829685697,Surat,Gujarat,2024-07-09
CUST0051,Jalsa Acharya,jalsa.acharya98@gmail.con,60769128731,Indore,Madhya Pradesh,2023-02-11
CUST0052,Kala Arora,kala.arora29@outlook.com,9628135429,Pune,Maharashtra,2024-02-03
CUST0053,Chameli Narayan,chameli.narayan17@gmail.com,9246324983,Nagpur,Maharashtra,31-07-2024
CUST0054,Anika Halder,anika.halder34@gmail.con,31271524157,Mumbai,Maharashtra,2023-12-01
CUST0055,Vidhi Mannan,,4595422813,Hyderabad,Telangana,2023-02-23
CUST0056,Advay Boase,advay.boase4@yahoo.com,3055442771,Chandigarh,Chandigarh,28-09-2024
CUST0057,Anmol Bava,anmol.bava90@outlook.com,4490454788,Pune,Maharashtra,2024-12-09
CUST0058,Wazir Sachdev,wazir.sachdev75@gmail.com,9771217475,Delhi,Delhi,24-11-2024
CUST0059,Zansi Kota,zansi.kota90@outlook.com,,Delhi,Delhi,2023-04-05
CUST0060,Netra Deep,,89948586530,Delhi,Delhi,16-05-2024
CUST0061,Pahal Shan,pahal.shan23@outlook.com,9638944070,Kolkata,West Bengal,2024-10-05
CUST0062,Krish Dash,krish.dash12@outlook.com,5591078141,Indore,Madhya Pradesh,20-04-2024
CUST0063,Chaaya Bobal,chaaya.bobal63@yahoo.com,51104014778,Bengaluru,Karnataka,15-12-2023
CUST0064,Teerth Behl,teerth.behl31@gmail.con,1909370437,Delhi,Delhi,2024-08-12
CUST0065,Nandini Andra,nandini.andra52@yahoo.com,5968459088,Bengaluru,Karnataka,13-01-2024
CUST0066,Abeer Char,abeer.char90@gmail.con,11691224613,Chennai,Tamil Nadu,25-08-2023
CUST0067,Tanish Mander,tanish.mander28@gmail.con,2349874353,Bengaluru,Karnataka,21-06-2024
CUST0068,Aadi Zacharia,aadi.zacharia39@gmail.com,2786326607,Bengaluru,Karnataka,2023-10-08
CUST0069,Qadim Kohli,qadim.kohli2@outlook.com,43726294091,Delhi,Delhi,2023-12-15
CUST0070,Om Barman,om.barman63@gmail.com,1836142313,Kolkata,West Bengal,24-02-2023
CUST0071,Osha Prakash,osha.prakash72@gmail.con,272777688,Delhi,Delhi,2023-08-20
CUST0072,Girish Anne,girish.anne73@gmail.com,9986143968,Hyderabad,Telangana,2023-12-04
CUST0073,Ekta Mittal,ekta.mittal23@gmail.com,,Bengaluru,Karnataka,2024-06-04
CUST0074,Ati Subramanian,ati.subramanian59@gmail.com,40149768912,Surat,Gujarat,2024-02-10
CUST0075,Nicholas Kannan,nicholas.kannan20@outlook.com,2420310749,Lucknow,Uttar Pradesh,2023-03-03
CUST0076,Jeet Nadig,jeet.nadig16@gmail.con,4317976761,Pune,Maharashtra,2024-02-17
CUST0077,Manbir Bawa,manbir.bawa56@outlook.com,7808901669,Nagpur,Maharashtra,2023-04-04
CUST0078,Qasim Anand,qasim.anand87@outlook.com,3809561942,Chandigarh,Chandigarh,2024-04-26
CUST0079,Warhi Dewan,warhi.dewan63@gmail.com,28023589958,Lucknow,Uttar Pradesh,2023-12-08
CUST0080,Riya Prabhakar,riya.prabhakar85@gmail.con,6214687181,Hyderabad,Telangana,2023-02-07
CUST0081,Naveen Basu,naveen.basu66@gmail.com,6947140519,Indore,Madhya Pradesh,2024-04-18
CUST0082,Kamala Devi,kamala.devi7@yahoo.com,7189322705,Chandigarh,Chandigarh,22-10-2023
CUST0083,Jacob Bhandari,jacob.bhandari21@outlook.com,8966874746,Surat,Gujarat,2024-02-22
CUST0084,Abeer Varkey,abeer.varkey20@gmail.con,70983325435,Lucknow,Uttar Pradesh,2024-06-05
CUST0085,Jagat Bhatt,jagat.bhatt19@gmail.con,8109378067,Ahmedabad,Gujarat,2024-06-04
CUST0086,Vanya Vyas,vanya.vyas65@outlook.com,88443551957,Chennai,Tamil Nadu,2023-11-02
CUST0087,Maya Chakraborty,maya.chakraborty62@outlook.com,5173264182,Ahmedabad,Gujarat,2024-01-22
CUST0088,Warda Dash,warda.dash53@gmail.com,26545715144,Bengaluru,Karnataka,23-12-2024
CUST0089,Oscar Sanghvi,oscar.sanghvi5@yahoo.com,1222260845,Pune,Maharashtra,2023-12-06
CUST0090,Yahvi Kala,yahvi.kala93@yahoo.com,7326209243,Mumbai,Maharashtra,2023-06-08
CUST0091,Pratyush Bhatia,pratyush.bhatia11@outlook.com,7183743816,Lucknow,Uttar Pradesh,2024-01-25
CUST0092,Arin Bawa,arin.bawa9@yahoo.com,41373686438,Jaipur,Rajasthan,2023-08-21
CUST0093,Chanakya Khosla,chanakya.khosla22@outlook.com,4533205767,Pune,Maharashtra,2023-11-29
CUST0094,Omya Karnik,omya.karnik88@yahoo.com,1219840580,Jaipur,Rajasthan,16-09-2024
CUST0095,Qasim Korpal,qasim.korpal60@outlook.com,5883621512,Bengaluru,Karnataka,2023-01-10
CUST0096,Gaurangi Dhawan,gaurangi.dhawan45@outlook.com,1676127198,Pune,Maharashtra,2024-12-07
CUST0097,Bhavini Dhingra,bhavini.dhingra31@gmail.con,5090254376,Delhi,Delhi,30-10-2023
CUST0098,Chaman Buch,chaman.buch73@gmail.com,1344811303,Mumbai,Maharashtra,23-05-2024
CUST0099,Aarush Kant,aarush.kant82@yahoo.com,5514168206,Bengaluru,Karnataka,2024-11-06
CUST0100,Mitali Jayaraman,mitali.jayaraman57@gmail.com,434652097,Hyderabad,Telangana,15-05-2023
CUST0101,Vasana Bains,vasana.bains70@outlook.com,12277629412,Chandigarh,Chandigarh,18-06-2023
CUST0102,Edhitha Sule,edhitha.sule15@gmail.con,1618767410,Chandigarh,Chandigarh,20-08-2023
CUST0103,Yatin Maharaj,yatin.maharaj51@gmail.com,8215101237,Delhi,Delhi,2024-10-04
CUST0104,Yasti Tata,yasti.tata87@yahoo.com,5772596766,Delhi,Delhi,2024-07-28
CUST0105,Abhiram Parekh,abhiram.parekh90@outlook.com,5747562534,Nagpur,Maharashtra,24-05-2023
CUST0106,Ijaya Chahal,ijaya.chahal69@yahoo.com,1108993196,Nagpur,Maharashtra,17-11-2024
CUST0107,Suhani Babu,suhani.babu54@gmail.com,9821620107,Nagpur,Maharashtra,2024-02-22
CUST0108,Saumya Chadha,saumya.chadha47@gmail.com,75516126461,Bengaluru,Karnataka,2024-07-11
CUST0109,Ansh Ramakrishnan,ansh.ramakrishnan59@gmail.com,2149994435,Indore,Madhya Pradesh,16-10-2024
CUST0110,Gaurika Borah,gaurika.borah73@yahoo.com,5992812552,Chandigarh,Chandigarh,2023-08-01
CUST0111,Vivaan Sankar,vivaan.sankar19@yahoo.com,,Hyderabad,Telangana,23-04-2023
CUST0112,Aradhana Pradhan,aradhana.pradhan42@gmail.com,6313050730,Jaipur,Rajasthan,2023-10-05
CUST0113,Aarna Bains,aarna.bains76@gmail.com,4760178554,Ahmedabad,Gujarat,2024-09-21
CUST0114,Bhavani Samra,bhavani.samra4@gmail.com,38034387380,Lucknow,Uttar Pradesh,2024-03-12
CUST0115,Mitesh Sodhi,mitesh.sodhi78@yahoo.com,7496667055,Chennai,Tamil Nadu,2024-01-10
CUST0116,Watika Borah,watika.borah65@gmail.con,7655489241,Pune,Maharashtra,28-04-2023
CUST0117,Vasudha Mani,vasudha.mani58@yahoo.com,82187986876,Kolkata,West Bengal,13-02-2024
CUST0118,Alexander Palla,alexander.palla88@gmail.con,3059617013,Bengaluru,Karnataka,2023-04-06
CUST0119,Jeevika Babu,jeevika.babu72@outlook.com,97372590029,Jaipur,Rajasthan,2023-12-29
CUST0120,Nihal Dugal,nihal.dugal77@outlook.com,8561894887,Hyderabad,Telangana,2024-03-06
CUST0121,Rehaan Kaur,rehaan.kaur98@outlook.com,34535418820,Delhi,Delhi,2024-07-28
CUST0122,Raksha Bhavsar,,38035712057,Jaipur,Rajasthan,20-12-2024
CUST0123,Sara Mane,sara.mane85@gmail.con,4049190451,Jaipur,Rajasthan,2024-10-10
CUST0124,Orinder Munshi,orinder.munshi21@outlook.com,57079485419,Chennai,Tamil Nadu,2024-08-04
CUST0125,Anthony Bhagat,anthony.bhagat11@outlook.com,84052387592,Lucknow,Uttar Pradesh,2024-12-05
CUST0126,Henry Sharma,henry.sharma15@outlook.com,9321883499,Kolkata,West Bengal,2024-05-13
CUST0127,Timothy Ghosh,timothy.ghosh27@outlook.com,766520051,Mumbai,Maharashtra,19-09-2023
CUST0128,Anita Peri,anita.peri69@yahoo.com,,Kolkata,West Bengal,2023-12-29
CUST0129,Falan Koshy,falan.koshy41@gmail.con,,Indore,Madhya Pradesh,2024-10-17
CUST0130,Balvan Thaker,balvan.thaker89@outlook.com,9898812421,Indore,Madhya Pradesh,2023-07-09
CUST0131,Lucky Kashyap,lucky.kashyap43@yahoo.com,5856275323,Bengaluru,Karnataka,27-04-2023
CUST0132,Divya Sahota,divya.sahota14@yahoo.com,4202481846,Bengaluru,Karnataka,2024-09-08
CUST0133,Fitan Magar,fitan.magar97@gmail.con,7182377307,Pune,Maharashtra,20-10-2024
CUST0134,Raagini Konda,raagini.konda9@gmail.con,64043815471,Pune,Maharashtra,2023-10-09
CUST0135,Priya Tara,priya.tara48@outlook.com,2986562140,Mumbai,Maharashtra,2024-09-21
CUST0136,Pratyush Brar,pratyush.brar74@yahoo.com,13130090693,Pune,Maharashtra,28-05-2024
CUST0137,Balvan Mishra,,1479698008,Surat,Gujarat,24-03-2024
CUST0138,Radha Dugar,radha.dugar53@outlook.com,3940198996,Kolkata,West Bengal,2024-08-10
CUST0139,Turvi Bumb,turvi.bumb93@yahoo.com,5409396503,Hyderabad,Telangana,2024-11-10
CUST0140,Bhavini Kannan,bhavini.kannan77@gmail.com,46325903546,Bengaluru,Karnataka,2024-10-20
CUST0141,Damini Sami,damini.sami86@gmail.con,911869740,Lucknow,Uttar Pradesh,2024-07-01
CUST0142,Bahadurjit Raj,bahadurjit.raj18@yahoo.com,9615375582,Bengaluru,Karnataka,2024-03-06
CUST0143,Zayan Pal,zayan.pal99@yahoo.com,6918184942,Nagpur,Maharashtra,2023-06-16
CUST0144,Chaaya Bahl,chaaya.bahl53@outlook.com,2987368528,Mumbai,Maharashtra,30-03-2024
CUST0145,Imaran De,imaran.de61@yahoo.com,778283453,Hyderabad,Telangana,27-03-2024
CUST0146,Kashish Bahl,kashish.bahl26@yahoo.com,4406596088,Indore,Madhya Pradesh,2024-10-18
CUST0147,Jeremiah Krishnamurthy,jeremiah.krishnamurthy11@yahoo.com,2380513890,Hyderabad,Telangana,31-05-2023
CUST0148,Nihal Dhar,nihal.dhar4@gmail.con,9212694774,Nagpur,Maharashtra,2024-01-18
CUST0149,Falak Bhavsar,falak.bhavsar92@outlook.com,1524841809,Indore,Madhya Pradesh,2023-02-09
CUST0150,Yash Prashad,yash.prashad79@gmail.com,6595646651,Pune,Maharashtra,2023-09-20
CUST0151,Adya Pall,adya.pall37@yahoo.com,659083189,Delhi,Delhi,2023-09-02
CUST0152,Hritik Nair,hritik.nair69@gmail.com,,Jaipur,Rajasthan,2023-09-05
CUST0153,Liam Mital,liam.mital86@gmail.com,31328959515,Bengaluru,Karnataka,2023-03-11
CUST0154,Yuvraj Jhaveri,yuvraj.jhaveri61@gmail.com,67413250167,Kolkata,West Bengal,2023-09-17
CUST0155,Veer Shah,veer.shah75@outlook.com,95039468624,Chandigarh,Chandigarh,2024-07-13
CUST0156,Qushi Gour,qushi.gour24@yahoo.com,38037615545,Lucknow,Uttar Pradesh,2023-07-02
CUST0157,Zayyan Sangha,zayyan.sangha51@gmail.con,,Ahmedabad,Gujarat,15-07-2023
CUST0158,Prisha Sura,prisha.sura48@gmail.con,3949003858,Delhi,Delhi,2024-03-26
CUST0159,Ikshita Bhatia,ikshita.bhatia67@outlook.com,2483988847,Chennai,Tamil Nadu,2024-10-03
CUST0160,Bhavika Munshi,bhavika.munshi11@outlook.com,41377639630,Delhi,Delhi,2024-04-01
CUST0161,Mitali Baral,mitali.baral46@gmail.con,8239173547,Surat,Gujarat,18-03-2023
CUST0162,Ranveer Joshi,,1323279148,Mumbai,Maharashtra,30-08-2023
CUST0163,Avi Mohan,avi.mohan58@outlook.com,5533267547,Lucknow,Uttar Pradesh,2024-08-10
CUST0164,Osha Bassi,osha.bassi95@yahoo.com,65315249833,Mumbai,Maharashtra,29-07-2024
CUST0165,Raagini Balay,raagini.balay63@yahoo.com,3858850690,Surat,Gujarat,2024-07-04
CUST0166,Jackson Ramakrishnan,jackson.ramakrishnan45@gmail.com,24093475233,Lucknow,Uttar Pradesh,2023-04-11
CUST0167,Finn Prasad,finn.prasad29@gmail.com,5443128129,Ahmedabad,Gujarat,31-08-2023
CUST0168,Garima Acharya,garima.acharya12@gmail.com,7181722219,Jaipur,Rajasthan,2024-05-05
CUST0169,Ekapad Doctor,ekapad.doctor10@gmail.con,675766179,Lucknow,Uttar Pradesh,19-12-2023
CUST0170,Ranbir Agrawal,ranbir.agrawal65@gmail.com,7998203845,Kolkata,West Bengal,2023-06-06
CUST0171,Lipika Borah,lipika.borah11@outlook.com,5029344812,Indore,Madhya Pradesh,2023-09-10
CUST0172,Joshua Rout,joshua.rout75@yahoo.com,,Jaipur,Rajasthan,2024-09-11
CUST0173,Fitan Minhas,fitan.minhas83@outlook.com,4369193810,Mumbai,Maharashtra,2024-02-03
CUST0174,Dayita Naik,dayita.naik32@gmail.con,9196010883,Pune,Maharashtra,2024-06-12
CUST0175,Jyoti Bava,jyoti.bava92@outlook.com,39322347654,Chennai,Tamil Nadu,2024-02-13
CUST0176,Vasana Amble,vasana.amble35@gmail.con,4575719779,Delhi,Delhi,21-02-2023
CUST0177,Chaman Hari,chaman.hari42@outlook.com,3126829067,Indore,Madhya Pradesh,2024-05-25
CUST0178,Nicholas Khatri,nicholas.khatri65@gmail.con,8482941890,Kolkata,West Bengal,2024-08-20
CUST0179,Ekapad Soman,ekapad.soman69@gmail.com,78585754744,Hyderabad,Telangana,2023-05-18
CUST0180,Aayush Bir,aayush.bir73@yahoo.com,22198592523,Mumbai,Maharashtra,2023-03-17
CUST0181,Hredhaan Bhavsar,hredhaan.bhavsar13@gmail.con,6436364784,Bengaluru,Karnataka,2024-07-25
CUST0182,Hemang Bail,hemang.bail5@yahoo.com,77336382469,Mumbai,Maharashtra,15-06-2024
CUST0183,Ridhi Mishra,ridhi.mishra51@outlook.com,6080672791,Bengaluru,Karnataka,2024-05-06
CUST0184,Odika Devan,odika.devan87@gmail.com,528379079,Chennai,Tamil Nadu,2023-11-12
CUST0185,Bahadurjit Subramaniam,bahadurjit.subramaniam84@yahoo.com,5760936284,Hyderabad,Telangana,2024-06-05
CUST0186,Upasna Suresh,,3460787149,Indore,Madhya Pradesh,23-04-2023
CUST0187,Sai Malhotra,sai.malhotra65@gmail.con,372097536,Kolkata,West Bengal,2023-03-05
CUST0188,Yatan Khatri,yatan.khatri49@outlook.com,45299479119,Ahmedabad,Gujarat,29-06-2024
CUST0189,Siya Dugar,siya.dugar62@yahoo.com,18339405459,Jaipur,Rajasthan,25-07-2024
CUST0190,Sanya Gour,sanya.gour91@gmail.con,12998301059,Surat,Gujarat,2024-07-27
CUST0191,Vansha Prashad,vansha.prashad51@outlook.com,7098022672,Nagpur,Maharashtra,25-10-2023
CUST0192,Waida Anand,waida.anand62@yahoo.com,8904264047,Surat,Gujarat,2023-05-10
CUST0193,Banjeet Devi,banjeet.devi7@yahoo.com,957010470,Bengaluru,Karnataka,2023-04-13
CUST0194,Vyanjana Sama,vyanjana.sama21@gmail.con,37189674514,Ahmedabad,Gujarat,2024-05-03
CUST0195,Finn Kade,finn.kade99@gmail.com,,Nagpur,Maharashtra,2024-07-01
CUST0196,Ekta Samra,ekta.samra23@gmail.com,17186273090,Nagpur,Maharashtra,2024-05-22
CUST0197,Onkar Kapadia,onkar.kapadia39@gmail.com,27224853383,Mumbai,Maharashtra,19-10-2023
CUST0198,Sai Boase,sai.boase65@gmail.con,7815255359,Indore,Madhya Pradesh,2023-05-12
CUST0199,Nakul Som,nakul.som38@yahoo.com,2508204424,Chandigarh,Chandigarh,20-02-2024
CUST0200,Ria Sodhi,ria.sodhi62@outlook.com,4480128185,Bengaluru,Karnataka,2023-09-25
CUST0201,Indali Shenoy,indali.shenoy84@outlook.com,5808419817,Hyderabad,Telangana,14-11-2024
CUST0202,Ekani Trivedi,ekani.trivedi16@outlook.com,5125297973,Surat,Gujarat,13-08-2023
CUST0203,Chameli Loyal,chameli.loyal90@gmail.con,4121894794,Kolkata,West Bengal,2023-08-12
CUST0204,Laksh Ramakrishnan,laksh.ramakrishnan91@outlook.com,580798066,Ahmedabad,Gujarat,25-04-2023
CUST0205,Yashica Bal,yashica.bal42@gmail.con,6000066926,Bengaluru,Karnataka,20-08-2024
CUST0206,Tripti Morar,tripti.morar54@gmail.con,,Ahmedabad,Gujarat,2024-04-18
CUST0207,Nitara Kibe,nitara.kibe28@gmail.com,19217151890,Surat,Gujarat,2024-12-18
CUST0208,Chakradev Dube,chakradev.dube37@gmail.con,9744436032,Mumbai,Maharashtra,2024-10-18
CUST0209,Chakradhar Kala,chakradhar.kala49@gmail.con,3896963143,Pune,Maharashtra,2024-07-06
CUST0210,Rohan Chandra,rohan.chandra17@yahoo.com,3310886862,Ahmedabad,Gujarat,2023-02-11
CUST0211,Suhani Chandra,suhani.chandra59@outlook.com,4433740570,Bengaluru,Karnataka,2023-04-26
CUST0212,Diya Balakrishnan,diya.balakrishnan27@gmail.com,,Bengaluru,Karnataka,2024-04-02
CUST0213,Vritti Ben,vritti.ben30@yahoo.com,9744902960,Pune,Maharashtra,24-05-2023
CUST0214,Wakeeta Sane,wakeeta.sane77@outlook.com,3039306858,Jaipur,Rajasthan,2024-07-11
CUST0215,Frado Dada,frado.dada87@gmail.con,2526390838,Lucknow,Uttar Pradesh,2023-12-19
CUST0216,Joshua Kari,joshua.kari20@outlook.com,7837524195,Kolkata,West Bengal,2024-04-29
CUST0217,Gavin Mahajan,gavin.mahajan8@gmail.con,4335470366,Nagpur,Maharashtra,2024-06-26
CUST0218,Elijah Ramanathan,elijah.ramanathan48@gmail.com,6444807678,Indore,Madhya Pradesh,22-02-2023
CUST0219,Unnati Kala,unnati.kala98@yahoo.com,87715810177,Chandigarh,Chandigarh,2023-11-07
CUST0220,Saanvi Borra,saanvi.borra97@gmail.con,3347104927,Surat,Gujarat,2024-10-09
CUST0221,Amara Andra,amara.andra60@outlook.com,28643968029,Kolkata,West Bengal,2024-09-06
CUST0222,Yadavi Sahota,yadavi.sahota27@outlook.com,,Nagpur,Maharashtra,2024-07-30
CUST0223,Robert Choudhary,robert.choudhary20@yahoo.com,69708465055,Hyderabad,Telangana,2024-06-08
CUST0224,Ati Master,ati.master63@gmail.con,1164413546,Chandigarh,Chandigarh,2023-12-27
CUST0225,Ryan Roy,ryan.roy5@gmail.com,492591728,Ahmedabad,Gujarat,19-02-2023
CUST0226,Panini Kar,panini.kar28@gmail.con,5049535208,Mumbai,Maharashtra,2024-10-15
CUST0227,Hredhaan Bhardwaj,,9718478102,Ahmedabad,Gujarat,2023-10-09
CUST0228,Girish Oza,girish.oza23@gmail.com,6703537850,Chandigarh,Chandigarh,2023-06-02
CUST0229,Jagdish Aurora,jagdish.aurora48@gmail.con,5075995811,Delhi,Delhi,2024-12-14
CUST0230,Joshua Bera,joshua.bera52@gmail.con,14117663569,Delhi,Delhi,27-02-2023
CUST0231,Darpan Prabhu,darpan.prabhu13@gmail.com,6091563271,Jaipur,Rajasthan,2024-08-03
CUST0232,Suhani Misra,suhani.misra41@gmail.com,6686904493,Bengaluru,Karnataka,28-05-2023
CUST0233,Januja Dora,januja.dora31@gmail.con,9603754606,Jaipur,Rajasthan,2023-12-06
CUST0234,Ekta Dada,ekta.dada96@outlook.com,76506506376,Ahmedabad,Gujarat,2023-08-26
CUST0235,Lohit Mangal,lohit.mangal42@gmail.com,37202596507,Chandigarh,Chandigarh,2024-05-17
CUST0236,Kavya Peri,kavya.peri99@outlook.com,9006988872,Delhi,Delhi,2023-03-17
CUST0237,Christopher Sood,christopher.sood47@gmail.com,57688929187,Chennai,Tamil Nadu,2024-03-31
CUST0238,Ekiya Mall,ekiya.mall72@gmail.con,6554250504,Ahmedabad,Gujarat,2023-12-29
CUST0239,Meghana Bose,meghana.bose53@gmail.con,476846971,Hyderabad,Telangana,2024-07-26
CUST0240,Vyanjana Seshadri,vyanjana.seshadri18@outlook.com,13109517154,Bengaluru,Karnataka,2023-05-30
CUST0241,Zansi Soni,zansi.soni33@yahoo.com,719378130,Chennai,Tamil Nadu,2024-08-31
CUST0242,Udant Sanghvi,udant.sanghvi80@gmail.con,52738510696,Chennai,Tamil Nadu,26-03-2024
CUST0243,Gautami Wali,gautami.wali42@yahoo.com,4037622100,Hyderabad,Telangana,2024-12-02
CUST0244,Madhavi Verma,madhavi.verma49@outlook.com,54801704402,Chennai,Tamil Nadu,2024-01-09
CUST0245,Radha Balan,radha.balan60@yahoo.com,6726933606,Surat,Gujarat,2024-10-12
CUST0246,Qasim Char,qasim.char39@yahoo.com,9390862915,Lucknow,Uttar Pradesh,2024-03-09
CUST0247,Januja Bora,januja.bora65@gmail.con,90669626599,Ahmedabad,Gujarat,19-12-2024
CUST0248,Kalpit Yohannan,kalpit.yohannan86@outlook.com,1928027322,Lucknow,Uttar Pradesh,15-02-2023
CUST0249,Andrew Balasubramanian,,2073537984,Chandigarh,Chandigarh,2023-08-16
CUST0250,Geetika Radhakrishnan,geetika.radhakrishnan51@gmail.con,,Chennai,Tamil Nadu,2024-12-08
CUST0251,Neel Atwal,neel.atwal11@gmail.com,7381599492,Nagpur,Maharashtra,26-05-2023
CUST0252,Anvi Loyal,anvi.loyal13@gmail.con,28310666666,Pune,Maharashtra,23-11-2023
CUST0253,Vamakshi Saini,vamakshi.saini14@yahoo.com,7830501166,Lucknow,Uttar Pradesh,2023-09-07
CUST0254,Qadim Seshadri,qadim.seshadri52@yahoo.com,2361398266,Bengaluru,Karnataka,2024-03-18
CUST0255,Vidhi Sane,vidhi.sane1@yahoo.com,2930098759,Kolkata,West Bengal,2023-06-03
CUST0256,Ranveer Lala,ranveer.lala15@outlook.com,80309462823,Pune,Maharashtra,2024-06-24
CUST0257,Veer Vohra,veer.vohra46@gmail.con,1899412138,Chennai,Tamil Nadu,23-12-2024
CUST0258,Jonathan Sachar,jonathan.sachar31@outlook.com,48517357116,Delhi,Delhi,2024-12-11
CUST0259,Anthony Shukla,anthony.shukla63@yahoo.com,91378348143,Bengaluru,Karnataka,23-10-2023
CUST0260,Chavvi Bhat,chavvi.bhat63@yahoo.com,4074552709,Mumbai,Maharashtra,2024-07-29
CUST0261,Liam Pillai,liam.pillai22@gmail.com,8875510635,Pune,Maharashtra,2023-10-27
CUST0262,Kiaan Swamy,kiaan.swamy66@gmail.com,30326657125,Ahmedabad,Gujarat,2024-07-10
CUST0263,Madhavi Dugar,madhavi.dugar28@gmail.con,3436212518,Ahmedabad,Gujarat,2023-09-11
CUST0264,Ojasvi Ray,ojasvi.ray16@yahoo.com,2567420696,Pune,Maharashtra,25-08-2024
CUST0265,Owen Saraf,owen.saraf27@yahoo.com,8316417971,Chandigarh,Chandigarh,26-12-2023
CUST0266,Meera Pathak,meera.pathak74@outlook.com,4909151004,Hyderabad,Telangana,2024-11-26
CUST0267,Nihal Bajwa,nihal.bajwa84@yahoo.com,3841620059,Hyderabad,Telangana,2023-09-13
CUST0268,Megha Sampath,megha.sampath19@outlook.com,1622155663,Pune,Maharashtra,2024-07-04
CUST0269,Gunbir Lad,gunbir.lad48@gmail.con,75330372300,Surat,Gujarat,2024-08-18
CUST0270,Saanvi Mahajan,saanvi.mahajan86@outlook.com,6538159941,Lucknow,Uttar Pradesh,2024-12-02
CUST0271,Nirja Nagi,nirja.nagi71@yahoo.com,,Chennai,Tamil Nadu,2023-12-18
CUST0272,Kiaan Balay,kiaan.balay16@yahoo.com,611275499,Mumbai,Maharashtra,14-03-2024
CUST0273,Zayyan Khatri,zayyan.khatri36@gmail.com,60466526184,Indore,Madhya Pradesh,26-03-2023
CUST0274,Eshana Gill,eshana.gill90@yahoo.com,5399575493,Surat,Gujarat,2024-12-21
CUST0275,Zaid Prakash,zaid.prakash2@outlook.com,37378202497,Mumbai,Maharashtra,2024-12-11
CUST0276,Varenya Pandey,varenya.pandey41@outlook.com,6555530965,Delhi,Delhi,27-01-2024
CUST0277,Urvi Cheema,urvi.cheema68@gmail.com,2651926250,Delhi,Delhi,2024-03-26
CUST0278,Azaan Buch,azaan.buch28@gmail.com,5775608179,Indore,Madhya Pradesh,2023-07-05
CUST0279,Urvashi Mall,urvashi.mall36@gmail.com,59578295,Bengaluru,Karnataka,2024-06-09
CUST0280,Bina Zacharia,bina.zacharia67@yahoo.com,77035640136,Bengaluru,Karnataka,2024-10-23
CUST0281,Balveer Memon,balveer.memon64@gmail.com,2118915945,Bengaluru,Karnataka,2024-05-01
CUST0282,Darika Zacharia,darika.zacharia88@yahoo.com,6758998071,Ahmedabad,Gujarat,2023-01-18
CUST0283,Aarna Gala,aarna.gala37@gmail.con,72926862031,Ahmedabad,Gujarat,2023-03-26
CUST0284,Niharika Tank,niharika.tank27@yahoo.com,10668816113,Ahmedabad,Gujarat,2024-08-23
CUST0285,Yashvi Gole,yashvi.gole31@gmail.com,55868394976,Surat,Gujarat,29-04-2023
CUST0286,Hardik Bains,hardik.bains2@yahoo.com,9335353631,Delhi,Delhi,23-05-2024
CUST0287,Ekapad Dada,ekapad.dada17@outlook.com,8022315966,Chennai,Tamil Nadu,2023-01-31
CUST0288,Laban Mane,laban.mane59@outlook.com,902720127,Pune,Maharashtra,2023-06-20
CUST0289,Dominic Shankar,dominic.shankar95@gmail.com,1007779312,Bengaluru,Karnataka,2023-09-08
CUST0290,Lavanya Som,lavanya.som92@gmail.con,4838175523,Ahmedabad,Gujarat,2024-03-02
CUST0291,Megha Chakrabarti,megha.chakrabarti87@gmail.com,2733469627,Ahmedabad,Gujarat,17-02-2023
CUST0292,Netra Naidu,,5988961528,Chennai,Tamil Nadu,2023-10-26
CUST0293,Januja Sahota,januja.sahota26@yahoo.com,1154227411,Chandigarh,Chandigarh,25-01-2023
CUST0294,Balhaar Sathe,balhaar.sathe98@gmail.con,5325384106,Mumbai,Maharashtra,2023-11-11
CUST0295,Lakshmi Sagar,lakshmi.sagar92@outlook.com,2175774163,Bengaluru,Karnataka,2024-06-16
CUST0296,Maya Devi,maya.devi18@gmail.con,9859098044,Ahmedabad,Gujarat,2023-05-03
CUST0297,Aradhana Rana,aradhana.rana51@outlook.com,4617837464,Nagpur,Maharashtra,28-08-2023
CUST0298,Om Sheth,om.sheth22@gmail.con,38636148389,Delhi,Delhi,2023-04-05
CUST0299,Ria Wagle,ria.wagle16@gmail.com,,Indore,Madhya Pradesh,2023-08-11
CUST0300,Vasana Dar,vasana.dar12@yahoo.com,66651920511,Bengaluru,Karnataka,2024-06-09
