order_id,customer_id,order_date,order_status,return_flag
ORD00001,CUST0299,22-05-2023,Delivered,No
ORD00002,CUST0048,09-20-2023,Refunded,Yes
ORD00003,CUST0167,08-11-2023,Refunded,Yes
ORD00004,CUST0296,2024-05-14,Delivered ,No
ORD00005,CUST0296,02-08-2023,Refunded,Yes
ORD00006,CUST0172,27-02-2023,Pending,
ORD00007,CUST0062,02-03-2024,Pending,No
ORD00008,CUST0196,2024-10-11,Refunded,Yes
ORD00009,CUST0277,20-06-2024,Delivered,No
ORD00010,CUST0079,2024-05-29,Refunded,Yes
ORD00011,CUST0049,2024-02-07,Shipped,No
ORD00012,CUST0202,18-03-2024,Delivered,No
ORD00013,CUST0293,2023-12-11,Delivered,
ORD00014,CUST0257,09-26-2023,Delivered,No
ORD00015,CUST0102,05-19-2023,Returned,Yes
ORD00016,CUST0288,29-10-2024,Returned,Yes
ORD00017,CUST0221,15-03-2023,Delivered,No
ORD00018,CUST0217,26-04-2023,Cancelled,No
ORD00019,CUST0049,2023-07-15,Delivered,No
ORD00020,CUST0227,23-06-2023,Shipped,
ORD00021,CUST0120,15-02-2023,Pending,No
ORD00022,CUST0044,2023-06-09,Refunded,Yes
ORD00023,CUST0076,25-02-2023,Delivered,No
ORD00024,CUST0057,18-12-2023,Refunded,Yes
ORD00025,CUST0108,27-04-2024,Delivered,No
ORD00026,CUST0133,07-13-2024,Returned,Yes
ORD00027,CUST0010,05-25-2023,Refunded,Yes
ORD00028,CUST0131,10-11-2024,Returned,Yes
ORD00029,CUST0139,2023-10-18,Delivered,
ORD00030,CUST0035,11-01-2024,Pending,No
ORD00031,CUST0185,2024-11-09,Delivered ,No
ORD00032,CUST0198,27-10-2023,delivered,
ORD00033,CUST0051,04-06-2024,Shipped,
ORD00034,CUST0096,03-09-2024,Returned,Yes
ORD00035,CUST0012,2024-04-13,Returned,Yes
ORD00036,CUST0251,06-26-2024,Delivered,No
ORD00037,CUST0181,19-01-2023,Delivered,No
ORD00038,CUST0257,30-08-2023,Shipped,No
ORD00039,CUST0199,2024-10-02,Delivered,No
ORD00040,CUST0202,19-08-2023,Delivered,No
ORD00041,CUST0117,01-27-2024,Returned,Yes
ORD00042,CUST0160,09-08-2024,Delivered,
ORD00043,CUST0071,09-07-2024,Delivered,No
ORD00044,CUST0269,13-11-2023,Refunded,Yes
ORD00045,CUST0290,29-05-2023,Cancelled,No
ORD00046,CUST0061,11-03-2023,Returned,Yes
ORD00047,CUST0164,05-30-2023,Refunded,Yes
ORD00048,CUST0141,07-11-2023,Returned,Yes
ORD00049,CUST0014,20-04-2023,Delivered,No
ORD00050,CUST0014,02-09-2024,Delivered,No
ORD00051,CUST0069,12-05-2024,Refunded,Yes
ORD00052,CUST0199,10-27-2024,Delivered,
ORD00053,CUST0116,2023-05-21,Delivered,
ORD00054,CUST0212,16-01-2023,Pending,No
ORD00055,CUST0225,07-29-2023,Delivered,No
ORD00056,CUST0219,04-13-2024,delivered,No
ORD00057,CUST0195,14-09-2024,Refunded,Yes
ORD00058,CUST0293,2024-09-18,Pending,No
ORD00059,CUST0022,07-04-2024,Returned,Yes
ORD00060,CUST0021,07-04-2024,Returned,Yes
ORD00061,CUST0098,07-10-2024,Shipped,
ORD00062,CUST0147,02-12-2024,delivered,No
ORD00063,CUST0028,08-03-2024,Delivered,
ORD00064,CUST0257,2024-10-23,Returned,Yes
ORD00065,CUST0280,22-08-2024,Pending,
ORD00066,CUST0013,28-02-2024,Delivered,
ORD00067,CUST0104,08-27-2024,Pending,No
ORD00068,CUST0084,2023-09-14,Delivered,No
ORD00069,CUST0186,2023-04-27,Refunded,Yes
ORD00070,CUST0262,25-12-2024,Delivered,
ORD00071,CUST0088,17-07-2024,Delivered,No
ORD00072,CUST0092,2023-06-16,delivered,
ORD00073,CUST0229,12-11-2023,Delivered,No
ORD00074,CUST0104,2023-05-01,Pending,No
ORD00075,CUST0256,2023-01-13,Returned,Yes
ORD00076,CUST0285,05-20-2024,Delivered,
ORD00077,CUST0072,2024-02-24,Returned,Yes
ORD00078,CUST0286,14-07-2024,Delivered,No
ORD00079,CUST0179,2023-07-09,Delivered,No
ORD00080,CUST0153,03-02-2023,Cancelled,No
ORD00081,CUST0092,20-02-2023,Delivered,No
ORD00082,CUST0049,17-09-2024,Cancelled,
ORD00083,CUST0019,2024-08-15,Delivered,No
ORD00084,CUST0195,2023-11-27,Delivered,
ORD00085,CUST0242,17-07-2024,Delivered,No
ORD00086,CUST0169,12-12-2024,delivered,No
ORD00087,CUST0030,2024-12-13,Delivered,No
ORD00088,CUST0148,05-10-2024,Refunded,Yes
ORD00089,CUST0295,21-11-2023,Delivered,No
ORD00090,CUST0267,09-21-2024,Returned,Yes
ORD00091,CUST0120,04-07-2023,delivered,No
ORD00092,CUST0239,2023-01-02,Delivered,No
ORD00093,CUST0212,2024-09-22,Shipped,No
ORD00094,CUST0109,2023-12-25,Returned,Yes
ORD00095,CUST0131,2023-07-26,Refunded,Yes
ORD00096,CUST0166,2023-11-04,Returned,Yes
ORD00097,CUST0203,2024-12-03,Delivered,No
ORD00098,CUST0174,07-18-2023,Delivered,
ORD00099,CUST0247,06-02-2023,Cancelled,
ORD00100,CUST0237,07-03-2024,delivered,No
ORD00101,CUST0162,2024-06-17,Delivered,No
ORD00102,CUST0182,2024-08-14,Cancelled,No
ORD00103,CUST0174,10-15-2023,Delivered ,No
ORD00104,CUST0096,2024-08-07,Cancelled,No
ORD00105,CUST0017,23-12-2024,delivered,
ORD00106,CUST0122,30-03-2023,Returned,Yes
ORD00107,CUST0155,06-11-2023,Delivered,No
ORD00108,CUST0104,2024-01-19,Refunded,Yes
ORD00109,CUST0248,02-06-2024,Delivered,No
ORD00110,CUST0269,15-12-2023,Pending,No
ORD00111,CUST0051,27-05-2023,Refunded,Yes
ORD00112,CUST0268,2023-02-07,Returned,Yes
ORD00113,CUST0049,2023-11-15,Pending,No
ORD00114,CUST0053,23-04-2024,delivered,No
ORD00115,CUST0108,14-08-2024,Refunded,Yes
ORD00116,CUST0273,17-07-2023,Delivered,
ORD00117,CUST0077,18-11-2024,Delivered,No
ORD00118,CUST0287,2023-04-28,Delivered,No
ORD00119,CUST0164,09-07-2024,Delivered,No
ORD00120,CUST0294,22-12-2024,Refunded,Yes
ORD00121,CUST0174,03-14-2023,Delivered,No
ORD00122,CUST0026,2023-05-14,Delivered,
ORD00123,CUST0201,25-02-2023,Delivered,
ORD00124,CUST0171,23-09-2024,Delivered,No
ORD00125,CUST0048,04-21-2024,Returned,Yes
ORD00126,CUST0239,04-11-2024,Delivered,No
ORD00127,CUST0133,18-08-2023,Delivered,
ORD00128,CUST0170,07-07-2023,Refunded,Yes
ORD00129,CUST0244,2024-05-14,Delivered,No
ORD00130,CUST0088,05-05-2024,Returned,Yes
ORD00131,CUST0261,2024-09-10,Returned,Yes
ORD00132,CUST0037,20-04-2023,Delivered,
ORD00133,CUST0123,15-02-2024,Cancelled,No
ORD00134,CUST0175,08-05-2024,Delivered,
ORD00135,CUST0176,21-03-2024,Returned,Yes
ORD00136,CUST0294,11-09-2024,Cancelled,No
ORD00137,CUST0167,2024-08-29,Cancelled,
ORD00138,CUST0208,2023-06-30,Delivered,No
ORD00139,CUST0195,02-12-2024,Refunded,Yes
ORD00140,CUST0047,22-10-2024,Cancelled,No
ORD00141,CUST0001,17-08-2024,Pending,No
ORD00142,CUST0200,04-08-2024,Returned,Yes
ORD00143,CUST0163,30-07-2023,Cancelled,No
ORD00144,CUST0177,2024-03-21,Refunded,Yes
ORD00145,CUST0262,01-09-2023,Cancelled,No
ORD00146,CUST0282,2023-10-29,Delivered,No
ORD00147,CUST0184,2024-12-21,Returned,Yes
ORD00148,CUST0282,02-01-2023,Delivered,No
ORD00149,CUST0196,12-29-2024,Delivered,No
ORD00150,CUST0072,09-11-2024,Delivered,
ORD00151,CUST0079,04-01-2024,Delivered ,No
ORD00152,CUST0009,18-05-2023,Delivered,
ORD00153,CUST0070,2024-11-04,Returned,Yes
ORD00154,CUST0234,10-19-2024,Refunded,Yes
ORD00155,CUST0218,07-04-2023,Returned,Yes
ORD00156,CUST0218,2023-12-30,Delivered,
ORD00157,CUST0138,08-31-2023,Refunded,Yes
ORD00158,CUST0020,08-13-2024,Delivered,No
ORD00159,CUST0041,26-04-2023,Returned,Yes
ORD00160,CUST0144,06-23-2024,Shipped,No
ORD00161,CUST0046,19-06-2024,delivered,
ORD00162,CUST0040,07-10-2024,Refunded,Yes
ORD00163,CUST0274,2023-02-24,Pending,
ORD00164,CUST0241,09-04-2024,Returned,Yes
ORD00165,CUST0151,28-12-2023,Pending,No
ORD00166,CUST0237,06-02-2023,Refunded,Yes
ORD00167,CUST0243,31-07-2024,Delivered,No
ORD00168,CUST0014,03-11-2024,Shipped,
ORD00169,CUST0040,26-03-2023,Delivered,No
ORD00170,CUST0141,16-05-2023,Cancelled,No
ORD00171,CUST0282,25-04-2023,Cancelled,
ORD00172,CUST0134,14-01-2024,Refunded,Yes
ORD00173,CUST0017,05-07-2023,Refunded,Yes
ORD00174,CUST0079,05-29-2023,Cancelled,
ORD00175,CUST0226,28-01-2024,Delivered,No
ORD00176,CUST0177,2024-08-14,Refunded,Yes
ORD00177,CUST0060,2023-09-28,Refunded,Yes
ORD00178,CUST0155,04-20-2024,Returned,Yes
ORD00179,CUST0200,06-29-2024,Delivered,No
ORD00180,CUST0223,2023-05-29,Returned,Yes
ORD00181,CUST0162,2024-04-04,Delivered,No
ORD00182,CUST0222,28-06-2024,Cancelled,No
ORD00183,CUST0051,04-10-2023,Delivered,
ORD00184,CUST0124,17-04-2024,Refunded,Yes
ORD00185,CUST0093,12-12-2023,Cancelled,No
ORD00186,CUST0035,2024-11-19,Delivered,
ORD00187,CUST0229,11-04-2023,Returned,Yes
ORD00188,CUST0018,2023-10-18,Delivered,No
ORD00189,CUST0112,2023-02-28,Pending,No
ORD00190,CUST0067,03-30-2023,Delivered ,No
ORD00191,CUST0130,24-04-2023,Refunded,Yes
ORD00192,CUST0233,07-11-2024,Pending,
ORD00193,CUST0166,09-12-2024,Pending,No
ORD00194,CUST0032,03-17-2023,Delivered,
ORD00195,CUST0133,07-12-2023,Shipped,No
ORD00196,CUST0103,03-27-2024,Delivered,No
ORD00197,CUST0074,10-22-2024,Returned,Yes
ORD00198,CUST0227,20-09-2024,Cancelled,No
ORD00199,CUST0293,05-02-2023,Delivered,
ORD00200,CUST0077,2023-01-20,Pending,No
ORD00201,CUST0078,11-11-2024,Returned,Yes
ORD00202,CUST0252,08-11-2024,Delivered,
ORD00203,CUST0036,18-02-2024,Delivered ,No
ORD00204,CUST0247,2024-01-29,Pending,No
ORD00205,CUST0206,2023-12-08,Cancelled,No
ORD00206,CUST0175,2024-01-10,Returned,Yes
ORD00207,CUST0091,2023-10-24,Cancelled,
ORD00208,CUST0200,2024-11-07,Delivered,No
ORD00209,CUST0225,13-05-2024,Delivered,No
ORD00210,CUST0128,06-02-2023,Delivered,
ORD00211,CUST0277,03-02-2024,Delivered,
ORD00212,CUST0231,2024-06-30,Shipped,No
ORD00213,CUST0022,12-14-2023,Delivered,No
ORD00214,CUST0268,08-05-2023,Refunded,Yes
ORD00215,CUST0297,03-07-2024,Delivered,No
ORD00216,CUST0251,2023-02-07,Refunded,Yes
ORD00217,CUST0067,2024-09-25,Delivered,No
ORD00218,CUST0158,2024-10-09,Delivered,
ORD00219,CUST0282,2024-09-17,Delivered,No
ORD00220,CUST0113,2023-04-27,Returned,Yes
ORD00221,CUST0206,12-03-2024,Delivered,No
ORD00222,CUST0071,01-12-2024,Returned,Yes
ORD00223,CUST0172,2023-02-16,Cancelled,No
ORD00224,CUST0213,08-10-2023,Delivered,No
ORD00225,CUST0125,2024-07-20,Delivered,No
ORD00226,CUST0193,13-04-2023,Refunded,Yes
ORD00227,CUST0004,13-05-2024,Delivered,No
ORD00228,CUST0146,12-24-2024,Cancelled,
ORD00229,CUST0074,09-12-2024,Delivered,
ORD00230,CUST0090,2024-02-26,Delivered,No
ORD00231,CUST0046,26-05-2024,Cancelled,No
ORD00232,CUST0121,04-03-2024,Delivered,No
ORD00233,CUST0186,26-06-2024,Shipped,
ORD00234,CUST0142,2024-10-03,Cancelled,No
ORD00235,CUST0243,04-26-2023,Refunded,Yes
ORD00236,CUST0023,2023-06-13,Cancelled,No
ORD00237,CUST0129,19-10-2023,Delivered,
ORD00238,CUST0027,14-02-2023,Delivered,No
ORD00239,CUST0060,2023-01-30,Returned,Yes
ORD00240,CUST0167,03-31-2024,Cancelled,No
ORD00241,CUST0118,2024-11-24,Pending,No
ORD00242,CUST0212,22-08-2023,Delivered,
ORD00243,CUST0300,08-14-2023,Delivered,No
ORD00244,CUST0233,22-03-2024,Delivered,
ORD00245,CUST0100,18-01-2024,Delivered,No
ORD00246,CUST0017,2023-07-27,Delivered,No
ORD00247,CUST0239,05-20-2023,Delivered,
ORD00248,CUST0113,25-06-2023,Refunded,Yes
ORD00249,CUST0088,10-06-2023,Refunded,Yes
ORD00250,CUST0251,26-02-2024,Delivered ,
ORD00251,CUST0220,18-04-2024,Delivered,No
ORD00252,CUST0114,02-12-2023,Returned,Yes
ORD00253,CUST0023,2023-01-06,Returned,Yes
ORD00254,CUST0272,05-31-2024,Delivered,
ORD00255,CUST0232,12-14-2024,Delivered ,No
ORD00256,CUST0007,03-27-2023,Returned,Yes
ORD00257,CUST0123,2023-05-16,Delivered,No
ORD00258,CUST0083,05-06-2024,Cancelled,No
ORD00259,CUST0071,04-10-2024,Returned,Yes
ORD00260,CUST0001,2024-01-15,Cancelled,
ORD00261,CUST0017,08-12-2024,Delivered,
ORD00262,CUST0278,04-10-2023,Refunded,Yes
ORD00263,CUST0172,2023-03-24,Cancelled,No
ORD00264,CUST0188,02-22-2023,Delivered,No
ORD00265,CUST0287,2024-01-10,Delivered,No
ORD00266,CUST0123,2023-05-22,Shipped,
ORD00267,CUST0108,17-08-2024,delivered,No
ORD00268,CUST0258,12-28-2023,Pending,No
ORD00269,CUST0177,02-25-2023,Delivered,
ORD00270,CUST0063,05-28-2024,Returned,Yes
ORD00271,CUST0273,28-06-2024,Cancelled,
ORD00272,CUST0034,27-09-2024,Delivered,
ORD00273,CUST0092,31-03-2023,Delivered,No
ORD00274,CUST0058,22-04-2023,Delivered,
ORD00275,CUST0267,2023-06-04,delivered,No
ORD00276,CUST0278,02-03-2024,Shipped,
ORD00277,CUST0011,22-12-2023,Returned,Yes
ORD00278,CUST0119,06-03-2023,Delivered,
ORD00279,CUST0168,08-15-2024,Delivered,
ORD00280,CUST0068,13-04-2024,Delivered,No
ORD00281,CUST0191,24-09-2023,Delivered,No
ORD00282,CUST0234,01-06-2023,Delivered,No
ORD00283,CUST0094,29-12-2024,Returned,Yes
ORD00284,CUST0079,10-12-2024,Pending,No
ORD00285,CUST0163,30-04-2023,Delivered,
ORD00286,CUST0106,2023-09-24,Delivered,No
ORD00287,CUST0230,19-12-2023,Delivered,No
ORD00288,CUST0208,05-05-2023,Pending,No
ORD00289,CUST0080,2024-04-14,Pending,No
ORD00290,CUST0243,24-10-2024,Refunded,Yes
ORD00291,CUST0290,11-13-2024,Delivered,No
ORD00292,CUST0246,2024-12-06,Delivered,No
ORD00293,CUST0158,2024-11-25,Returned,Yes
ORD00294,CUST0229,24-09-2024,Delivered ,No
ORD00295,CUST0100,01-12-2023,Delivered,No
ORD00296,CUST0276,07-20-2023,Delivered,No
ORD00297,CUST0252,08-06-2024,Returned,Yes
ORD00298,CUST0029,11-09-2024,Returned,Yes
ORD00299,CUST0219,01-06-2023,Refunded,Yes
ORD00300,CUST0177,17-01-2024,Delivered,No
ORD00301,CUST0045,01-04-2024,delivered,
ORD00302,CUST0148,01-03-2024,Refunded,Yes
ORD00303,CUST0213,10-03-2024,Refunded,Yes
ORD00304,CUST0107,04-09-2024,Delivered,
ORD00305,CUST0034,06-21-2024,Shipped,No
ORD00306,CUST0140,01-07-2023,Returned,Yes
ORD00307,CUST0291,23-07-2024,Returned,Yes
ORD00308,CUST0149,07-10-2023,Delivered ,No
ORD00309,CUST0156,11-06-2023,Delivered ,
ORD00310,CUST0002,18-08-2023,Delivered,No
ORD00311,CUST0242,2023-11-04,Pending,No
ORD00312,CUST0126,2024-03-03,Delivered,No
ORD00313,CUST0035,11-10-2023,Returned,Yes
ORD00314,CUST0133,05-07-2024,Returned,Yes
ORD00315,CUST0295,2023-05-03,Delivered,No
ORD00316,CUST0075,16-06-2023,Returned,Yes
ORD00317,CUST0084,2024-12-10,Delivered,No
ORD00318,CUST0183,2024-01-05,Returned,Yes
ORD00319,CUST0040,26-10-2023,Returned,Yes
ORD00320,CUST0053,07-07-2023,Refunded,Yes
ORD00321,CUST0155,27-11-2023,delivered,No
ORD00322,CUST0181,09-04-2023,Returned,Yes
ORD00323,CUST0191,05-21-2023,Returned,Yes
ORD00324,CUST0084,2023-12-15,Pending,No
ORD00325,CUST0097,2023-06-08,Returned,Yes
ORD00326,CUST0060,16-04-2024,Pending,No
ORD00327,CUST0186,06-05-2024,Delivered,
ORD00328,CUST0176,03-09-2024,Returned,Yes
ORD00329,CUST0061,08-11-2023,Delivered,No
ORD00330,CUST0117,11-12-2024,Delivered,No
ORD00331,CUST0041,08-03-2023,Delivered,No
ORD00332,CUST0248,03-21-2023,Delivered,No
ORD00333,CUST0263,2023-07-21,Delivered,
ORD00334,CUST0023,2023-05-02,Pending,No
ORD00335,CUST0050,2024-11-14,Delivered,No
ORD00336,CUST0095,24-08-2024,Pending,No
ORD00337,CUST0143,03-04-2023,Delivered,No
ORD00338,CUST0124,2023-06-14,Delivered ,No
ORD00339,CUST0271,15-08-2024,Refunded,Yes
ORD00340,CUST0088,2023-07-16,Shipped,No
ORD00341,CUST0244,08-08-2023,Pending,No
ORD00342,CUST0055,26-03-2024,Cancelled,No
ORD00343,CUST0264,24-01-2024,Returned,Yes
ORD00344,CUST0161,2023-04-26,Refunded,Yes
ORD00345,CUST0254,23-04-2023,Returned,Yes
ORD00346,CUST0021,2023-10-23,Returned,Yes
ORD00347,CUST0146,05-20-2024,Delivered,No
ORD00348,CUST0228,04-12-2024,Shipped,
ORD00349,CUST0220,25-10-2023,Shipped,No
ORD00350,CUST0189,02-05-2024,Pending,No
ORD00351,CUST0054,11-21-2024,Returned,Yes
ORD00352,CUST0044,2024-06-19,Cancelled,No
ORD00353,CUST0282,2024-02-09,Returned,Yes
ORD00354,CUST0102,22-06-2023,Delivered,No
ORD00355,CUST0207,2024-09-01,Delivered ,No
ORD00356,CUST0143,10-03-2024,Refunded,Yes
ORD00357,CUST0208,02-14-2024,Delivered,No
ORD00358,CUST0056,2023-05-31,Refunded,Yes
ORD00359,CUST0069,2024-05-16,Returned,Yes
ORD00360,CUST0256,2023-02-24,Delivered ,No
ORD00361,CUST0168,27-01-2024,Cancelled,No
ORD00362,CUST0040,09-28-2024,Cancelled,
ORD00363,CUST0255,07-26-2023,Delivered,No
ORD00364,CUST0277,2024-07-09,Delivered,No
ORD00365,CUST0061,03-16-2024,delivered,
ORD00366,CUST0227,11-19-2023,Delivered ,No
ORD00367,CUST0156,03-02-2023,Delivered,
ORD00368,CUST0200,03-17-2024,Delivered,No
ORD00369,CUST0284,08-05-2024,Cancelled,
ORD00370,CUST0260,2024-07-29,Delivered ,
ORD00371,CUST0194,27-09-2023,Returned,Yes
ORD00372,CUST0282,2023-11-25,Delivered,No
ORD00373,CUST0299,2024-01-11,Delivered,No
ORD00374,CUST0177,25-01-2024,Delivered,
ORD00375,CUST0126,26-12-2023,Delivered,No
ORD00376,CUST0044,2024-10-25,Delivered,No
ORD00377,CUST0011,28-04-2023,Delivered,No
ORD00378,CUST0217,04-16-2024,Cancelled,No
ORD00379,CUST0285,2023-01-21,Refunded,Yes
ORD00380,CUST0166,2024-01-22,Returned,Yes
ORD00381,CUST0106,13-04-2023,Refunded,Yes
ORD00382,CUST0174,29-05-2024,Refunded,Yes
ORD00383,CUST0224,03-11-2023,Delivered,
ORD00384,CUST0039,12-10-2024,Delivered ,No
ORD00385,CUST0294,09-29-2023,Delivered,No
ORD00386,CUST0048,2024-10-01,Refunded,Yes
ORD00387,CUST0291,12-11-2023,Delivered,
ORD00388,CUST0040,03-08-2023,Delivered,No
ORD00389,CUST0161,19-03-2024,Cancelled,
ORD00390,CUST0264,02-16-2024,Delivered,No
ORD00391,CUST0265,20-01-2023,Cancelled,
ORD00392,CUST0240,07-08-2023,Cancelled,
ORD00393,CUST0031,02-08-2024,Refunded,Yes
ORD00394,CUST0078,18-04-2024,Delivered,
ORD00395,CUST0033,25-02-2024,Delivered,
ORD00396,CUST0083,01-10-2023,Delivered ,No
ORD00397,CUST0077,20-02-2024,Delivered,No
ORD00398,CUST0159,09-09-2023,Refunded,Yes
ORD00399,CUST0217,2024-07-27,Shipped,No
ORD00400,CUST0015,13-06-2023,Delivered,No
ORD00401,CUST0022,11-05-2024,Returned,Yes
ORD00402,CUST0043,26-02-2023,delivered,No
ORD00403,CUST0209,07-03-2023,Pending,No
ORD00404,CUST0072,11-02-2024,Pending,No
ORD00405,CUST0062,07-08-2024,Refunded,Yes
ORD00406,CUST0063,03-04-2023,Delivered,No
ORD00407,CUST0121,08-21-2024,Refunded,Yes
ORD00408,CUST0110,28-05-2023,Delivered,
ORD00409,CUST0285,2024-02-23,Delivered,
ORD00410,CUST0058,30-06-2024,Delivered,
ORD00411,CUST0143,01-05-2024,Cancelled,No
ORD00412,CUST0158,2024-05-01,Refunded,Yes
ORD00413,CUST0028,12-09-2024,Delivered,No
ORD00414,CUST0186,2024-07-19,Delivered,No
ORD00415,CUST0202,29-03-2024,Delivered,No
ORD00416,CUST0121,03-04-2023,Pending,No
ORD00417,CUST0163,06-14-2023,Pending,No
ORD00418,CUST0252,10-08-2023,delivered,
ORD00419,CUST0052,07-12-2023,Refunded,Yes
ORD00420,CUST0181,09-25-2023,Returned,Yes
ORD00421,CUST0233,2024-07-14,Refunded,Yes
ORD00422,CUST0228,18-10-2024,Cancelled,No
ORD00423,CUST0157,15-02-2024,Delivered,No
ORD00424,CUST0265,24-04-2023,Delivered,
ORD00425,CUST0069,24-11-2023,Returned,Yes
ORD00426,CUST0168,04-12-2024,Cancelled,No
ORD00427,CUST0094,03-28-2023,Returned,Yes
ORD00428,CUST0012,07-08-2024,Delivered,No
ORD00429,CUST0087,2024-04-18,Delivered,
ORD00430,CUST0134,24-09-2024,Returned,Yes
ORD00431,CUST0291,2024-01-12,Delivered,No
ORD00432,CUST0233,06-22-2024,Returned,Yes
ORD00433,CUST0098,18-08-2023,Refunded,Yes
ORD00434,CUST0221,21-05-2024,Delivered,No
ORD00435,CUST0097,10-17-2023,Refunded,Yes
ORD00436,CUST0015,23-02-2024,Refunded,Yes
ORD00437,CUST0128,30-08-2023,Cancelled,
ORD00438,CUST0069,29-03-2023,Delivered,
ORD00439,CUST0197,12-04-2024,Delivered,No
ORD00440,CUST0031,2023-03-16,Delivered,No
ORD00441,CUST0182,2023-08-29,Returned,Yes
ORD00442,CUST0196,17-09-2023,Returned,Yes
ORD00443,CUST0287,2024-11-18,Delivered,No
ORD00444,CUST0253,24-09-2023,Delivered,
ORD00445,CUST0272,05-16-2023,Delivered,No
ORD00446,CUST0023,24-09-2023,Delivered,
ORD00447,CUST0221,15-10-2023,Refunded,Yes
ORD00448,CUST0136,19-09-2024,Delivered ,
ORD00449,CUST0252,18-06-2023,Delivered,
ORD00450,CUST0028,24-02-2023,Delivered,No
ORD00451,CUST0084,02-06-2023,Returned,Yes
ORD00452,CUST0254,2023-04-29,Shipped,
ORD00453,CUST0288,01-01-2024,Shipped,
ORD00454,CUST0076,2024-05-19,Delivered,No
ORD00455,CUST0146,06-04-2023,Delivered,No
ORD00456,CUST0289,04-06-2024,Delivered ,No
ORD00457,CUST0093,06-22-2024,Refunded,Yes
ORD00458,CUST0049,10-09-2023,Refunded,Yes
ORD00459,CUST0063,10-19-2023,Cancelled,No
ORD00460,CUST0055,27-08-2024,Pending,No
ORD00461,CUST0246,01-30-2023,Delivered,No
ORD00462,CUST0169,2024-08-31,Cancelled,
ORD00463,CUST0292,29-11-2023,Pending,No
ORD00464,CUST0145,19-02-2023,Refunded,Yes
ORD00465,CUST0196,2023-03-14,Returned,Yes
ORD00466,CUST0205,2023-09-19,Delivered,No
ORD00467,CUST0207,02-08-2023,Delivered,No
ORD00468,CUST0222,04-05-2023,Delivered,No
ORD00469,CUST0189,03-01-2024,Cancelled,
ORD00470,CUST0244,01-04-2024,delivered,
ORD00471,CUST0189,03-04-2023,Refunded,Yes
ORD00472,CUST0021,07-10-2024,Returned,Yes
ORD00473,CUST0080,11-23-2024,Delivered,No
ORD00474,CUST0041,10-25-2023,Returned,Yes
ORD00475,CUST0154,02-06-2023,Shipped,
ORD00476,CUST0283,2023-10-30,Returned,Yes
ORD00477,CUST0218,06-09-2024,Delivered,No
ORD00478,CUST0292,20-04-2024,Cancelled,No
ORD00479,CUST0258,2023-09-18,Cancelled,No
ORD00480,CUST0094,11-08-2024,Returned,Yes
ORD00481,CUST0153,27-03-2023,Returned,Yes
ORD00482,CUST0231,10-04-2024,Refunded,Yes
ORD00483,CUST0041,11-07-2023,Delivered,No
ORD00484,CUST0003,03-20-2024,Returned,Yes
ORD00485,CUST0245,01-14-2023,Delivered,
ORD00486,CUST0250,04-11-2024,Shipped,No
ORD00487,CUST0203,08-12-2024,Cancelled,No
ORD00488,CUST0098,2023-05-09,Delivered,No
ORD00489,CUST0014,13-12-2024,Shipped,
ORD00490,CUST0124,10-26-2024,Delivered,No
ORD00491,CUST0238,30-03-2023,Delivered,
ORD00492,CUST0086,08-03-2024,Delivered,
ORD00493,CUST0231,11-05-2024,Returned,Yes
ORD00494,CUST0201,2023-10-29,Returned,Yes
ORD00495,CUST0222,01-09-2023,Delivered,
ORD00496,CUST0284,15-08-2024,Cancelled,No
ORD00497,CUST0263,05-14-2024,Returned,Yes
ORD00498,CUST0217,04-03-2023,Returned,Yes
ORD00499,CUST0214,03-07-2023,Delivered,No
ORD00500,CUST0178,05-21-2024,Cancelled,
ORD00501,CUST0099,01-22-2023,Delivered,No
ORD00502,CUST0113,24-03-2024,Delivered,
ORD00503,CUST0200,05-15-2023,delivered,No
ORD00504,CUST0083,28-04-2024,Refunded,Yes
ORD00505,CUST0248,08-12-2024,Refunded,Yes
ORD00506,CUST0252,2023-07-24,Delivered,
ORD00507,CUST0108,2024-05-20,Delivered,No
ORD00508,CUST0183,03-01-2024,delivered,No
ORD00509,CUST0033,30-05-2024,Delivered,
ORD00510,CUST0062,27-04-2023,Cancelled,
ORD00511,CUST0182,2023-09-22,Shipped,No
ORD00512,CUST0264,2023-06-04,Delivered ,No
ORD00513,CUST0057,2024-03-24,Refunded,Yes
ORD00514,CUST0053,2024-09-16,Refunded,Yes
ORD00515,CUST0061,18-04-2023,Delivered,No
ORD00516,CUST0227,06-10-2023,Refunded,Yes
ORD00517,CUST0187,12-04-2023,Delivered,No
ORD00518,CUST0225,05-06-2023,Delivered ,No
ORD00519,CUST0243,09-09-2023,Delivered ,No
ORD00520,CUST0137,01-06-2024,Delivered,
ORD00521,CUST0126,05-01-2024,Cancelled,
ORD00522,CUST0220,08-22-2023,Delivered,
ORD00523,CUST0265,14-04-2024,Pending,No
ORD00524,CUST0006,2024-03-29,Delivered,No
ORD00525,CUST0085,12-13-2023,Delivered,No
ORD00526,CUST0078,2024-02-07,Refunded,Yes
ORD00527,CUST0267,31-12-2024,Refunded,Yes
ORD00528,CUST0284,16-02-2024,delivered,No
ORD00529,CUST0144,19-12-2023,Delivered,
ORD00530,CUST0279,04-01-2024,Cancelled,No
ORD00531,CUST0102,26-10-2024,Returned,Yes
ORD00532,CUST0200,07-02-2023,Returned,Yes
ORD00533,CUST0048,07-07-2024,Delivered,No
ORD00534,CUST0015,12-10-2024,Delivered,No
ORD00535,CUST0259,2023-11-08,Refunded,Yes
ORD00536,CUST0133,03-03-2023,Delivered ,No
ORD00537,CUST0064,02-18-2023,Refunded,Yes
ORD00538,CUST0233,09-08-2024,Refunded,Yes
ORD00539,CUST0274,18-08-2024,Returned,Yes
ORD00540,CUST0294,03-11-2023,Delivered,
ORD00541,CUST0054,16-06-2024,Refunded,Yes
ORD00542,CUST0185,08-19-2024,Delivered,No
ORD00543,CUST0211,2023-05-31,Refunded,Yes
ORD00544,CUST0067,03-05-2023,Returned,Yes
ORD00545,CUST0270,04-01-2024,Delivered,
ORD00546,CUST0217,09-28-2023,Returned,Yes
ORD00547,CUST0214,16-05-2024,Refunded,Yes
ORD00548,CUST0235,01-06-2024,Delivered,No
ORD00549,CUST0243,2024-12-12,Delivered,No
ORD00550,CUST0061,07-26-2024,Delivered,No
ORD00551,CUST0149,2023-05-04,Delivered,No
ORD00552,CUST0192,01-05-2023,Delivered,No
ORD00553,CUST0074,12-05-2024,Delivered,
ORD00554,CUST0157,19-02-2023,Pending,No
ORD00555,CUST0251,2023-07-07,Delivered ,No
ORD00556,CUST0023,07-14-2024,Delivered,
ORD00557,CUST0232,09-08-2024,Delivered,
ORD00558,CUST0068,01-05-2024,Delivered ,
ORD00559,CUST0077,05-04-2024,Cancelled,No
ORD00560,CUST0210,10-01-2024,Cancelled,No
ORD00561,CUST0024,02-09-2024,Delivered,No
ORD00562,CUST0085,2024-10-23,Delivered,No
ORD00563,CUST0287,2024-07-28,Cancelled,No
ORD00564,CUST0028,25-09-2024,Returned,Yes
ORD00565,CUST0062,29-05-2024,Pending,No
ORD00566,CUST0126,10-09-2023,Refunded,Yes
ORD00567,CUST0206,2024-06-30,Cancelled,
ORD00568,CUST0093,01-24-2023,Delivered,No
ORD00569,CUST0132,2024-06-24,Delivered,No
ORD00570,CUST0147,12-04-2023,Returned,Yes
ORD00571,CUST0079,19-09-2023,Refunded,Yes
ORD00572,CUST0167,25-11-2024,Delivered,No
ORD00573,CUST0200,2024-12-31,Delivered,No
ORD00574,CUST0166,26-05-2023,Returned,Yes
ORD00575,CUST0123,04-05-2023,Delivered,
ORD00576,CUST0198,2024-06-04,Refunded,Yes
ORD00577,CUST0284,03-04-2023,Delivered,No
ORD00578,CUST0120,2024-05-10,Delivered,No
ORD00579,CUST0052,21-07-2024,Shipped,No
ORD00580,CUST0229,2023-11-08,Returned,Yes
ORD00581,CUST0073,27-05-2024,Delivered,No
ORD00582,CUST0217,09-09-2023,Returned,Yes
ORD00583,CUST0149,02-01-2023,Refunded,Yes
ORD00584,CUST0247,03-03-2023,Pending,No
ORD00585,CUST0180,27-11-2024,Delivered,No
ORD00586,CUST0274,2023-02-16,Delivered,No
ORD00587,CUST0063,02-04-2023,Returned,Yes
ORD00588,CUST0222,23-07-2024,Shipped,No
ORD00589,CUST0134,11-29-2024,Pending,No
ORD00590,CUST0165,09-09-2023,Cancelled,No
ORD00591,CUST0169,2024-04-15,Pending,No
ORD00592,CUST0244,2024-10-23,Pending,No
ORD00593,CUST0285,11-19-2024,Delivered,
ORD00594,CUST0040,2024-07-05,Delivered,
ORD00595,CUST0193,19-11-2024,Delivered,
ORD00596,CUST0005,2023-07-01,Delivered ,
ORD00597,CUST0228,2024-01-15,Pending,No
ORD00598,CUST0184,21-01-2023,Refunded,Yes
ORD00599,CUST0114,20-09-2024,Cancelled,
ORD00600,CUST0253,07-01-2024,Delivered,No
ORD00601,CUST0203,2023-07-20,Shipped,No
ORD00602,CUST0088,05-08-2024,Returned,Yes
ORD00603,CUST0290,02-08-2024,Cancelled,No
ORD00604,CUST0034,25-08-2024,Delivered,No
ORD00605,CUST0268,06-08-2024,Delivered ,No
ORD00606,CUST0273,25-11-2024,Delivered,
ORD00607,CUST0027,03-01-2023,Pending,
ORD00608,CUST0266,02-21-2024,Delivered,
ORD00609,CUST0023,06-01-2024,Returned,Yes
ORD00610,CUST0273,10-12-2023,Pending,No
ORD00611,CUST0172,2023-01-06,Returned,Yes
ORD00612,CUST0116,01-26-2023,Shipped,No
ORD00613,CUST0169,13-09-2023,Delivered,No
ORD00614,CUST0015,10-03-2024,Cancelled,
ORD00615,CUST0172,25-01-2023,Cancelled,No
ORD00616,CUST0175,2023-04-21,Returned,Yes
ORD00617,CUST0038,06-16-2024,Refunded,Yes
ORD00618,CUST0064,2024-10-02,Returned,Yes
ORD00619,CUST0034,04-02-2023,Delivered,No
ORD00620,CUST0222,2024-03-28,Delivered,No
ORD00621,CUST0027,24-11-2024,Delivered,
ORD00622,CUST0211,16-02-2024,Delivered,No
ORD00623,CUST0220,2024-04-09,Delivered,No
ORD00624,CUST0014,10-28-2024,Pending,No
ORD00625,CUST0053,2024-08-24,Delivered,No
ORD00626,CUST0100,30-08-2024,Refunded,Yes
ORD00627,CUST0216,06-05-2024,Delivered,
ORD00628,CUST0023,2023-07-10,Delivered,No
ORD00629,CUST0263,16-11-2023,Cancelled,No
ORD00630,CUST0075,20-08-2024,delivered,
ORD00631,CUST0150,13-11-2023,Cancelled,No
ORD00632,CUST0075,2024-06-14,Cancelled,No
ORD00633,CUST0287,2024-06-03,Delivered ,
ORD00634,CUST0103,19-12-2023,Delivered,No
ORD00635,CUST0244,12-16-2023,Delivered,No
ORD00636,CUST0172,15-08-2024,Returned,Yes
ORD00637,CUST0233,2023-12-03,Delivered,
ORD00638,CUST0115,13-08-2023,Pending,
ORD00639,CUST0247,30-09-2024,Delivered,
ORD00640,CUST0004,30-07-2023,Returned,Yes
ORD00641,CUST0285,2023-03-17,Delivered,No
ORD00642,CUST0300,25-10-2023,Returned,Yes
ORD00643,CUST0146,31-01-2023,Delivered,No
ORD00644,CUST0174,26-09-2023,Refunded,Yes
ORD00645,CUST0135,2023-07-20,Delivered,No
ORD00646,CUST0057,24-11-2024,Delivered,No
ORD00647,CUST0190,09-11-2023,Returned,Yes
ORD00648,CUST0223,2023-06-25,Pending,No
ORD00649,CUST0067,28-05-2023,delivered,No
ORD00650,CUST0192,29-06-2024,Delivered,
ORD00651,CUST0024,13-10-2024,Delivered,No
ORD00652,CUST0028,02-06-2023,Delivered,No
ORD00653,CUST0251,04-06-2024,Shipped,No
ORD00654,CUST0034,26-04-2024,Refunded,Yes
ORD00655,CUST0261,02-02-2024,Refunded,Yes
ORD00656,CUST0165,15-06-2024,Returned,Yes
ORD00657,CUST0254,12-12-2024,Returned,Yes
ORD00658,CUST0299,2024-08-18,Returned,Yes
ORD00659,CUST0232,13-08-2023,delivered,
ORD00660,CUST0194,12-08-2023,Delivered,No
ORD00661,CUST0069,2023-09-18,Returned,Yes
ORD00662,CUST0118,2024-03-31,Returned,Yes
ORD00663,CUST0219,06-08-2024,Cancelled,
ORD00664,CUST0255,18-03-2024,Returned,Yes
ORD00665,CUST0227,27-01-2024,Delivered,No
ORD00666,CUST0043,22-10-2024,Delivered,No
ORD00667,CUST0051,2023-10-11,Pending,No
ORD00668,CUST0103,04-01-2024,Delivered,No
ORD00669,CUST0155,22-11-2024,Delivered,No
ORD00670,CUST0071,23-12-2024,Cancelled,No
ORD00671,CUST0178,11-03-2023,Delivered,
ORD00672,CUST0007,08-16-2024,Refunded,Yes
ORD00673,CUST0077,06-08-2024,Shipped,No
ORD00674,CUST0108,08-21-2023,Refunded,Yes
ORD00675,CUST0283,06-12-2024,Cancelled,
ORD00676,CUST0161,15-12-2023,Refunded,Yes
ORD00677,CUST0225,12-15-2024,Returned,Yes
ORD00678,CUST0296,31-01-2023,Delivered,No
ORD00679,CUST0182,10-01-2023,Returned,Yes
ORD00680,CUST0207,05-03-2024,Returned,Yes
ORD00681,CUST0017,24-08-2024,Delivered,No
ORD00682,CUST0294,12-05-2023,Returned,Yes
ORD00683,CUST0033,07-29-2023,Pending,No
ORD00684,CUST0292,05-01-2024,Delivered,No
ORD00685,CUST0284,06-04-2023,Delivered,No
ORD00686,CUST0014,06-12-2024,Cancelled,No
ORD00687,CUST0198,13-03-2023,Pending,No
ORD00688,CUST0269,2023-08-27,Delivered,
ORD00689,CUST0006,28-02-2023,Delivered,No
ORD00690,CUST0057,25-02-2024,Returned,Yes
ORD00691,CUST0036,03-04-2024,Returned,Yes
ORD00692,CUST0159,05-14-2023,delivered,
ORD00693,CUST0159,12-06-2023,Cancelled,
ORD00694,CUST0074,10-10-2023,Delivered,No
ORD00695,CUST0127,13-02-2024,Cancelled,
ORD00696,CUST0021,2024-04-16,Returned,Yes
ORD00697,CUST0234,23-10-2024,delivered,No
ORD00698,CUST0090,02-05-2024,Cancelled,No
ORD00699,CUST0222,07-03-2023,Pending,
ORD00700,CUST0292,2024-11-05,Delivered,
ORD00701,CUST0123,16-12-2024,Pending,No
ORD00702,CUST0035,05-10-2024,Returned,Yes
ORD00703,CUST0284,2024-02-26,Shipped,No
ORD00704,CUST0259,20-03-2023,Refunded,Yes
ORD00705,CUST0107,2024-04-06,Delivered,
ORD00706,CUST0237,01-28-2023,Delivered,No
ORD00707,CUST0204,2024-02-13,Delivered ,No
ORD00708,CUST0070,14-09-2023,Delivered,
ORD00709,CUST0043,11-05-2024,Returned,Yes
ORD00710,CUST0143,24-03-2024,Delivered,No
ORD00711,CUST0091,19-01-2023,Cancelled,No
ORD00712,CUST0087,2024-07-01,Refunded,Yes
ORD00713,CUST0079,01-12-2023,Cancelled,No
ORD00714,CUST0018,02-07-2023,Delivered,
ORD00715,CUST0268,2024-12-14,Delivered,
ORD00716,CUST0027,2024-12-07,Delivered,No
ORD00717,CUST0128,22-01-2024,Refunded,Yes
ORD00718,CUST0216,2023-07-24,Delivered,No
ORD00719,CUST0033,12-12-2023,Delivered ,No
ORD00720,CUST0086,2024-11-11,Delivered,
ORD00721,CUST0168,08-06-2024,Delivered,No
ORD00722,CUST0278,10-01-2024,Delivered,
ORD00723,CUST0055,04-05-2023,Delivered,No
ORD00724,CUST0162,2023-06-27,Delivered,
ORD00725,CUST0034,06-08-2023,Returned,Yes
ORD00726,CUST0035,30-09-2024,Delivered,
ORD00727,CUST0256,2023-11-05,Refunded,Yes
ORD00728,CUST0292,03-07-2024,Refunded,Yes
ORD00729,CUST0199,08-04-2023,Cancelled,No
ORD00730,CUST0163,06-29-2023,Cancelled,No
ORD00731,CUST0300,12-10-2023,Delivered,
ORD00732,CUST0120,2024-06-07,Cancelled,No
ORD00733,CUST0064,22-01-2023,Cancelled,No
ORD00734,CUST0041,2024-03-14,Refunded,Yes
ORD00735,CUST0104,19-01-2024,Returned,Yes
ORD00736,CUST0122,07-29-2023,Cancelled,No
ORD00737,CUST0021,05-18-2023,Delivered,No
ORD00738,CUST0170,25-01-2023,Delivered,No
ORD00739,CUST0128,30-07-2023,Returned,Yes
ORD00740,CUST0094,01-26-2024,Returned,Yes
ORD00741,CUST0252,2023-01-07,Delivered,No
ORD00742,CUST0073,23-02-2023,Cancelled,No
ORD00743,CUST0282,04-04-2023,Delivered,No
ORD00744,CUST0240,03-06-2024,Delivered,No
ORD00745,CUST0091,22-07-2023,Delivered,No
ORD00746,CUST0104,20-10-2023,Returned,Yes
ORD00747,CUST0185,03-23-2023,Pending,
ORD00748,CUST0217,06-21-2023,Returned,Yes
ORD00749,CUST0196,05-08-2024,Delivered,No
ORD00750,CUST0079,04-11-2023,Cancelled,No
ORD00751,CUST0233,25-01-2024,Returned,Yes
ORD00752,CUST0037,29-07-2024,Cancelled,No
ORD00753,CUST0098,2024-04-25,Delivered,No
ORD00754,CUST0192,05-27-2024,Refunded,Yes
ORD00755,CUST0192,03-01-2024,Pending,
ORD00756,CUST0285,2023-11-12,Cancelled,
ORD00757,CUST0064,02-09-2023,Shipped,No
ORD00758,CUST0131,18-07-2023,Refunded,Yes
ORD00759,CUST0189,2024-12-27,Returned,Yes
ORD00760,CUST0127,30-01-2024,Pending,
ORD00761,CUST0186,2023-02-05,Pending,No
ORD00762,CUST0076,25-09-2023,Cancelled,No
ORD00763,CUST0083,2024-09-08,Returned,Yes
ORD00764,CUST0197,04-05-2023,Cancelled,No
ORD00765,CUST0217,14-06-2024,Pending,
ORD00766,CUST0257,09-16-2023,Refunded,Yes
ORD00767,CUST0046,2023-11-12,Refunded,Yes
ORD00768,CUST0177,09-08-2024,Refunded,Yes
ORD00769,CUST0204,03-08-2023,Pending,No
ORD00770,CUST0001,2023-06-22,Refunded,Yes
ORD00771,CUST0214,14-12-2024,Returned,Yes
ORD00772,CUST0192,17-03-2024,Delivered,No
ORD00773,CUST0258,2023-07-22,Returned,Yes
ORD00774,CUST0096,03-08-2024,Refunded,Yes
ORD00775,CUST0099,07-07-2023,Refunded,Yes
ORD00776,CUST0056,27-03-2024,Cancelled,No
ORD00777,CUST0064,28-10-2023,Delivered,No
ORD00778,CUST0121,12-17-2023,Delivered,
ORD00779,CUST0005,2024-11-19,Refunded,Yes
ORD00780,CUST0022,2023-01-08,Cancelled,No
ORD00781,CUST0193,18-06-2024,Refunded,Yes
ORD00782,CUST0220,29-04-2024,Refunded,Yes
ORD00783,CUST0162,29-11-2024,delivered,No
ORD00784,CUST0030,12-11-2024,Returned,Yes
ORD00785,CUST0206,13-04-2023,Delivered,No
ORD00786,CUST0272,08-09-2024,Delivered,No
ORD00787,CUST0244,01-13-2024,Returned,Yes
ORD00788,CUST0165,2023-07-12,Delivered,No
ORD00789,CUST0167,02-16-2023,Shipped,No
ORD00790,CUST0042,13-09-2024,Returned,Yes
ORD00791,CUST0052,05-02-2024,Shipped,No
ORD00792,CUST0074,2024-09-13,Delivered,No
ORD00793,CUST0155,05-24-2024,Refunded,Yes
ORD00794,CUST0247,01-04-2024,Pending,No
ORD00795,CUST0046,2023-08-05,Delivered,
ORD00796,CUST0168,01-30-2023,Delivered,No
ORD00797,CUST0244,2023-08-14,Refunded,Yes
ORD00798,CUST0252,2023-05-20,Pending,No
ORD00799,CUST0072,2023-08-18,Pending,No
ORD00800,CUST0196,01-22-2024,Pending,No
ORD00801,CUST0149,2023-08-17,Delivered,No
ORD00802,CUST0128,02-04-2023,Delivered,No
ORD00803,CUST0161,08-09-2024,Delivered,No
ORD00804,CUST0275,15-11-2023,Delivered,
ORD00805,CUST0187,09-03-2024,Delivered,No
ORD00806,CUST0276,04-20-2023,Returned,Yes
ORD00807,CUST0152,29-05-2023,Refunded,Yes
ORD00808,CUST0072,27-11-2024,Returned,Yes
ORD00809,CUST0018,12-11-2024,Delivered ,No
ORD00810,CUST0064,29-05-2024,Shipped,
ORD00811,CUST0254,08-10-2024,Delivered ,
ORD00812,CUST0171,02-03-2023,Shipped,No
ORD00813,CUST0027,19-08-2023,Refunded,Yes
ORD00814,CUST0082,2024-02-06,Delivered,
ORD00815,CUST0243,12-12-2023,Returned,Yes
ORD00816,CUST0145,05-02-2024,Delivered,No
ORD00817,CUST0202,2024-12-18,Delivered ,No
ORD00818,CUST0298,2023-11-28,Refunded,Yes
ORD00819,CUST0084,08-11-2023,Returned,Yes
ORD00820,CUST0075,13-12-2024,Returned,Yes
ORD00821,CUST0005,20-07-2023,Refunded,Yes
ORD00822,CUST0076,08-12-2024,Delivered,
ORD00823,CUST0029,2024-11-26,Delivered ,No
ORD00824,CUST0027,2024-04-30,Delivered,No
ORD00825,CUST0077,08-30-2024,Returned,Yes
ORD00826,CUST0204,02-04-2023,Delivered,No
ORD00827,CUST0089,12-05-2024,Cancelled,No
ORD00828,CUST0196,19-04-2024,delivered,
ORD00829,CUST0060,2024-01-12,Delivered,No
ORD00830,CUST0261,15-05-2024,Cancelled,No
ORD00831,CUST0294,08-23-2024,Returned,Yes
ORD00832,CUST0128,11-12-2024,Refunded,Yes
ORD00833,CUST0223,10-05-2024,Shipped,No
ORD00834,CUST0276,12-04-2023,Delivered,
ORD00835,CUST0285,12-18-2024,Delivered,No
ORD00836,CUST0276,2024-06-15,Delivered ,No
ORD00837,CUST0093,05-11-2024,Pending,No
ORD00838,CUST0161,2024-07-22,Returned,Yes
ORD00839,CUST0083,2023-05-12,Returned,Yes
ORD00840,CUST0018,2023-09-20,Delivered ,No
ORD00841,CUST0279,02-06-2024,Delivered,
ORD00842,CUST0154,2024-11-04,Delivered,No
ORD00843,CUST0072,11-05-2024,Returned,Yes
ORD00844,CUST0181,17-11-2023,Returned,Yes
ORD00845,CUST0023,12-04-2023,Cancelled,No
ORD00846,CUST0111,12-07-2023,Delivered,No
ORD00847,CUST0066,08-28-2024,Delivered,No
ORD00848,CUST0196,17-07-2024,Delivered,
ORD00849,CUST0131,04-12-2024,Delivered,No
ORD00850,CUST0138,02-07-2024,Delivered,No
ORD00851,CUST0262,31-07-2024,Cancelled,
ORD00852,CUST0223,06-07-2023,Delivered,No
ORD00853,CUST0139,2024-09-10,Delivered,No
ORD00854,CUST0034,01-12-2024,Returned,Yes
ORD00855,CUST0171,02-04-2023,Delivered,No
ORD00856,CUST0051,08-20-2023,Delivered,No
ORD00857,CUST0064,23-01-2024,Pending,No
ORD00858,CUST0251,2024-08-25,Delivered ,No
ORD00859,CUST0145,18-12-2024,Returned,Yes
ORD00860,CUST0088,12-04-2023,Pending,
ORD00861,CUST0273,07-05-2023,Delivered,
ORD00862,CUST0005,29-08-2024,Delivered,No
ORD00863,CUST0137,2023-05-27,Delivered,No
ORD00864,CUST0215,12-25-2024,Refunded,Yes
ORD00865,CUST0240,25-03-2024,Shipped,No
ORD00866,CUST0118,14-03-2024,Returned,Yes
ORD00867,CUST0209,31-03-2023,Pending,No
ORD00868,CUST0123,2024-10-11,Delivered,No
ORD00869,CUST0147,08-12-2024,Delivered,No
ORD00870,CUST0070,03-10-2024,Cancelled,
ORD00871,CUST0273,2024-06-11,Cancelled,
ORD00872,CUST0004,01-15-2023,Cancelled,No
ORD00873,CUST0271,2023-09-08,Shipped,
ORD00874,CUST0269,22-06-2023,Cancelled,No
ORD00875,CUST0069,18-03-2023,Delivered,No
ORD00876,CUST0088,08-03-2024,Returned,Yes
ORD00877,CUST0128,2023-12-13,Pending,No
ORD00878,CUST0136,03-11-2023,Returned,Yes
ORD00879,CUST0112,08-10-2024,Returned,Yes
ORD00880,CUST0019,06-11-2024,Delivered ,
ORD00881,CUST0236,28-02-2023,Delivered,No
ORD00882,CUST0180,29-12-2023,Delivered,
ORD00883,CUST0221,12-30-2023,Delivered,No
ORD00884,CUST0079,03-28-2023,Returned,Yes
ORD00885,CUST0129,14-05-2024,Delivered,
ORD00886,CUST0187,02-09-2024,Delivered,No
ORD00887,CUST0056,07-03-2024,Refunded,Yes
ORD00888,CUST0182,03-25-2024,Delivered,No
ORD00889,CUST0102,2024-01-03,delivered,No
ORD00890,CUST0203,10-19-2023,Delivered,No
ORD00891,CUST0102,02-02-2023,Delivered,No
ORD00892,CUST0282,05-02-2023,Returned,Yes
ORD00893,CUST0205,05-11-2023,Delivered,No
ORD00894,CUST0011,23-04-2023,Pending,No
ORD00895,CUST0122,2023-12-19,Returned,Yes
ORD00896,CUST0237,2023-12-17,Returned,Yes
ORD00897,CUST0249,2024-05-06,Delivered,
ORD00898,CUST0262,11-09-2023,Cancelled,No
ORD00899,CUST0135,15-10-2023,Refunded,Yes
ORD00900,CUST0053,15-03-2024,Delivered,No
