payment_id,order_id,payment_type,payment_value,payment_date,payment_status
PAY00001,ORD00001,COD,121230.11,27-06-2024,Success
PAY00002,ORD00002,COD,6596.00,27-01-2023,Refunded
PAY00003,ORD00003,UPI,31679.36,2024-09-09,Refunded
PAY00004,ORD00004,COD,3210.58,2023-11-22,Success
PAY00005,ORD00005,Debit Card,37346.03,11-10-2023,Refunded
PAY00006,ORD00006,COD,38236.78,04-11-2024,Success
PAY00007,ORD00007,Credit Card,17403.65,2024-03-06,Refunded
PAY00008,ORD00008,Credit Card,19434.01,2023-04-07,Refunded
PAY00009,ORD00009,Credit Card,93700.93,01-05-2024,Refunded
PAY00010,ORD00010,UPI,4183.47,28-07-2024,Refunded
PAY00011,ORD00011,UPI,7788.00,2024-08-05,Success
PAY00012,ORD00012,Wallet,17449.82,26-12-2024,Success
PAY00013,ORD00013,COD,,19-06-2024,Success
PAY00014,ORD00014,Wallet,43620.65,03-02-2023,Success
PAY00015,ORD00015,Net Banking,3336.15,27-10-2023,Refunded
PAY00016,ORD00016,COD,2748.00,2024-09-23,Refunded
PAY00017,ORD00017,Wallet,,04-28-2023,Success
PAY00018,ORD00018,UPI,14905.25,2024-10-18,Success
PAY00019,ORD00019,UPI,22999.73,25-08-2023,Success
PAY00020,ORD00020,COD,111550.37,12-08-2023,Success
PAY00021,ORD00021,Net Banking,19512.23,2024-12-13,Success
PAY00022,ORD00022,Net Banking,19654.69,2023-05-31,Refunded
PAY00023,ORD00023,COD,3487.50,15-06-2024,Success
PAY00024,ORD00024,UPI,19322.35,28-12-2023,Refunded
PAY00025,ORD00025,Wallet,5171.00,10-08-2023,Success
PAY00026,ORD00026,Credit Card,10501.67,2023-06-12,Refunded
PAY00027,ORD00027,Wallet,4538.00,07-28-2023,Refunded
PAY00028,ORD00028,UPI,35680.16,07-01-2023,Refunded
PAY00029,ORD00029,Debit Card,10037.07,23-12-2023,Refunded
PAY00030,ORD00030,Net Banking,8930.42,10-10-2023,Refunded
PAY00031,ORD00031,UPI,13049.63,24-03-2024,Success
PAY00032,ORD00032,Net Banking,35604.68,29-01-2024,Failed
PAY00033,ORD00033,Debit Card,14905.25,15-01-2024,Success
PAY00034,ORD00034,COD,6978.00,2023-01-21,Refunded
PAY00035,ORD00035,Net Banking,23950.70,16-09-2023,Refunded
PAY00036,ORD00036,Wallet,5330.88,04-01-2023,Success
PAY00037,ORD00037,COD,12119.04,01-02-2023,Success
PAY00038,ORD00038,COD,40756.18,11-03-2024,Success
PAY00039,ORD00039,Net Banking,105881.94,16-11-2024,Success
PAY00040,ORD00040,Net Banking,16598.76,2023-11-29,Refunded
PAY00041,ORD00041,Wallet,33934.38,29-06-2024,Refunded
PAY00042,ORD00042,Credit Card,9548.55,16-04-2023,Refunded
PAY00043,ORD00043,Net Banking,22056.57,2024-07-01,Success
PAY00044,ORD00044,UPI,13014.81,08-08-2023,Refunded
PAY00045,ORD00045,COD,,08-24-2024,Success
PAY00046,ORD00046,Wallet,10109.00,06-04-2023,Refunded
PAY00047,ORD00047,Debit Card,7276.04,04-09-2024,Refunded
PAY00048,ORD00048,COD,2790.97,2024-11-04,Refunded
PAY00049,ORD00049,Net Banking,16967.19,2023-12-05,Refunded
PAY00050,ORD00050,COD,,14-12-2024,Success
PAY00051,ORD00051,UPI,,2023-04-10,Refunded
PAY00052,ORD00052,UPI,15513.00,2023-08-28,Success
PAY00053,ORD00053,Net Banking,16633.86,10-30-2023,Success
PAY00054,ORD00054,Net Banking,50779.20,2023-02-02,Refunded
PAY00055,ORD00055,credit card,19065.65,11-03-2023,Success
PAY00056,ORD00056,UPI,10037.07,08-01-2023,Success
PAY00057,ORD00057,COD,19072.59,11-06-2023,Refunded
PAY00058,ORD00058,Debit Card,18098.00,17-12-2024,Refunded
PAY00059,ORD00059,Wallet,17958.95,31-08-2024,Refunded
PAY00060,ORD00060,UPI,76525.96,31-03-2024,Refunded
PAY00061,ORD00061,Credit Card,19654.69,10-30-2023,Success
PAY00062,ORD00062,Debit Card,60220.37,29-04-2023,Refunded
PAY00063,ORD00063,Debit Card,39688.22,09-02-2024,Success
PAY00064,ORD00064,Net Banking,21489.03,2023-09-04,Refunded
PAY00065,ORD00065,Net Banking,18507.06,27-03-2023,Success
PAY00066,ORD00066,COD,29677.48,16-07-2024,Success
PAY00067,ORD00067,COD,20660.40,30-07-2023,Success
PAY00068,ORD00068,Debit Card,26805.02,10-01-2024,Success
PAY00069,ORD00069,credit card,109994.74,28-11-2024,Refunded
PAY00070,ORD00070,Credit Card,3894.00,2023-01-12,Success
PAY00071,ORD00071,Credit Card,58511.42,2023-06-18,Success
PAY00072,ORD00072,Wallet,14031.97,04-11-2023,Success
PAY00073,ORD00073,Credit Card,48641.22,2024-09-11,Success
PAY00074,ORD00074,credit card,38697.00,28-04-2023,Success
PAY00075,ORD00075,UPI,8930.42,06-01-2023,Refunded
PAY00076,ORD00076,UPI,11226.00,2023-10-23,Success
PAY00077,ORD00077,Credit Card,85065.42,2024-04-23,Refunded
PAY00078,ORD00078,Credit Card,,25-09-2023,Failed
PAY00079,ORD00079,Debit Card,22075.92,12-06-2024,Success
PAY00080,ORD00080,COD,3709.12,08-30-2023,Refunded
PAY00081,ORD00081,Net Banking,35866.85,2024-01-14,Success
PAY00082,ORD00082,COD,58953.00,2024-07-19,Success
PAY00083,ORD00083,COD,22895.54,02-25-2024,Success
PAY00084,ORD00084,UPI,15936.10,04-03-2023,Success
PAY00085,ORD00085,COD,35619.79,2024-06-25,Success
PAY00086,ORD00086,COD,17489.64,22-09-2023,Success
PAY00087,ORD00087,Wallet,13402.11,12-09-2023,Refunded
PAY00088,ORD00088,Debit Card,4465.21,06-09-2023,Refunded
PAY00089,ORD00089,COD,31696.10,30-10-2023,Success
PAY00090,ORD00090,COD,61616.00,22-01-2023,Refunded
PAY00091,ORD00091,credit card,8780.13,06-25-2024,Success
PAY00092,ORD00092,COD,21606.50,02-11-2023,Success
PAY00093,ORD00093,UPI,76351.94,18-01-2024,Refunded
PAY00094,ORD00094,UPI,2802.44,23-08-2023,Refunded
PAY00095,ORD00095,COD,5845.81,2023-01-24,Refunded
PAY00096,ORD00096,COD,36600.16,2023-10-25,Refunded
PAY00097,ORD00097,credit card,17161.43,15-12-2024,Success
PAY00098,ORD00098,credit card,21322.17,05-18-2023,Success
PAY00099,ORD00099,credit card,19141.47,2024-12-04,Success
PAY00100,ORD00100,Net Banking,9548.55,10-08-2023,Success
PAY00101,ORD00101,Net Banking,4465.21,21-09-2023,Success
PAY00102,ORD00102,COD,42978.06,2023-05-25,Success
PAY00103,ORD00103,Wallet,42978.06,2023-05-07,Refunded
PAY00104,ORD00104,Net Banking,73155.71,08-10-2024,Success
PAY00105,ORD00105,COD,14074.70,2023-08-20,Success
PAY00106,ORD00106,Debit Card,18303.13,09-18-2024,Refunded
PAY00107,ORD00107,COD,10016.58,05-27-2024,Success
PAY00108,ORD00108,Credit Card,36089.00,2023-08-02,Refunded
PAY00109,ORD00109,Debit Card,95515.63,2024-02-29,Success
PAY00110,ORD00110,Net Banking,65145.55,12-08-2023,Success
PAY00111,ORD00111,COD,65085.88,2024-09-02,Refunded
PAY00112,ORD00112,Credit Card,1394.49,27-11-2024,Refunded
PAY00113,ORD00113,UPI,27058.96,20-03-2023,Success
PAY00114,ORD00114,COD,11259.64,27-10-2023,Success
PAY00115,ORD00115,credit card,91570.02,23-08-2024,Refunded
PAY00116,ORD00116,Net Banking,43531.91,11-06-2023,Refunded
PAY00117,ORD00117,Debit Card,21322.17,09-10-2023,Success
PAY00118,ORD00118,Debit Card,77467.71,07-02-2023,Success
PAY00119,ORD00119,Credit Card,19065.65,2024-10-07,Refunded
PAY00120,ORD00120,Net Banking,43844.07,02-09-2024,Refunded
PAY00121,ORD00121,Debit Card,68697.01,05-12-2023,Success
PAY00122,ORD00122,Credit Card,4467.37,26-02-2023,Success
PAY00123,ORD00123,Debit Card,17161.43,01-28-2023,Refunded
PAY00124,ORD00124,Debit Card,8048.80,2023-08-06,Refunded
PAY00125,ORD00125,COD,3437.55,2023-12-31,Refunded
PAY00126,ORD00126,COD,22786.26,05-12-2024,Success
PAY00127,ORD00127,Net Banking,11516.09,28-09-2023,Success
PAY00128,ORD00128,Debit Card,57340.72,2024-07-21,Refunded
PAY00129,ORD00129,Net Banking,6672.30,09-01-2023,Refunded
PAY00130,ORD00130,COD,55985.79,28-08-2023,Refunded
PAY00131,ORD00131,Credit Card,3180.74,01-15-2024,Refunded
PAY00132,ORD00132,Credit Card,26719.94,2024-08-01,Success
PAY00133,ORD00133,UPI,47741.45,08-04-2024,Success
PAY00134,ORD00134,COD,15509.84,12-24-2024,Success
PAY00135,ORD00135,COD,6624.90,10-19-2024,Refunded
PAY00136,ORD00136,UPI,20577.36,01-10-2024,Success
PAY00137,ORD00137,UPI,60823.78,16-04-2023,Success
PAY00138,ORD00138,COD,3437.55,19-07-2023,Failed
PAY00139,ORD00139,UPI,18240.16,17-08-2023,Refunded
PAY00140,ORD00140,COD,42432.45,02-26-2023,Refunded
PAY00141,ORD00141,Wallet,8935.42,2024-10-17,Success
PAY00142,ORD00142,Credit Card,11975.35,28-06-2023,Refunded
PAY00143,ORD00143,Net Banking,50106.33,09-11-2024,Success
PAY00144,ORD00144,Credit Card,8689.09,2023-10-19,Refunded
PAY00145,ORD00145,Debit Card,88833.79,12-12-2024,Refunded
PAY00146,ORD00146,COD,36675.97,03-01-2024,Success
PAY00147,ORD00147,Debit Card,20127.15,01-27-2024,Refunded
PAY00148,ORD00148,Net Banking,,05-08-2024,Success
PAY00149,ORD00149,Net Banking,3487.50,18-11-2023,Success
PAY00150,ORD00150,COD,20808.92,10-01-2023,Success
PAY00151,ORD00151,COD,1498.56,2023-10-06,Success
PAY00152,ORD00152,Wallet,19065.65,2023-01-02,Success
PAY00153,ORD00153,COD,23226.41,2024-02-03,Refunded
PAY00154,ORD00154,COD,37828.86,2023-03-18,Refunded
PAY00155,ORD00155,Credit Card,2206.82,03-09-2023,Refunded
PAY00156,ORD00156,Debit Card,17449.82,2024-09-13,Success
PAY00157,ORD00157,Credit Card,64070.95,01-07-2023,Refunded
PAY00158,ORD00158,COD,16167.69,21-02-2023,Refunded
PAY00159,ORD00159,COD,,05-22-2024,Refunded
PAY00160,ORD00160,COD,3437.55,04-04-2024,Success
PAY00161,ORD00161,UPI,4830.75,2023-12-19,Refunded
PAY00162,ORD00162,Wallet,13192.00,04-30-2024,Refunded
PAY00163,ORD00163,Debit Card,17290.00,2023-09-27,Success
PAY00164,ORD00164,Debit Card,57247.42,23-07-2023,Refunded
PAY00165,ORD00165,UPI,10501.67,18-11-2023,Success
PAY00166,ORD00166,Net Banking,22206.26,2024-02-15,Refunded
PAY00167,ORD00167,Wallet,,2023-06-18,Success
PAY00168,ORD00168,Credit Card,4467.37,08-13-2023,Success
PAY00169,ORD00169,UPI,1374.00,13-07-2024,Success
PAY00170,ORD00170,Net Banking,7254.74,14-11-2024,Success
PAY00171,ORD00171,UPI,8748.28,2023-11-27,Success
PAY00172,ORD00172,COD,3210.58,04-07-2023,Refunded
PAY00173,ORD00173,Net Banking,25047.01,29-11-2024,Refunded
PAY00174,ORD00174,Wallet,12889.64,05-26-2023,Refunded
PAY00175,ORD00175,UPI,15077.34,2023-03-18,Refunded
PAY00176,ORD00176,Wallet,631.98,26-08-2024,Refunded
PAY00177,ORD00177,COD,161129.34,05-03-2024,Refunded
PAY00178,ORD00178,Wallet,73836.63,12-04-2024,Refunded
PAY00179,ORD00179,Net Banking,49522.82,06-07-2024,Refunded
PAY00180,ORD00180,credit card,8689.09,13-12-2023,Refunded
PAY00181,ORD00181,Credit Card,17982.41,12-20-2024,Refunded
PAY00182,ORD00182,Wallet,21322.17,03-04-2023,Success
PAY00183,ORD00183,Net Banking,18995.68,14-06-2024,Refunded
PAY00184,ORD00184,credit card,64096.36,21-01-2024,Refunded
PAY00185,ORD00185,UPI,13539.18,24-12-2023,Success
PAY00186,ORD00186,COD,29073.12,06-11-2024,Success
PAY00187,ORD00187,credit card,29450.59,2024-04-03,Refunded
PAY00188,ORD00188,UPI,66156.52,19-06-2024,Refunded
PAY00189,ORD00189,credit card,36368.50,2024-04-12,Success
PAY00190,ORD00190,Net Banking,5330.88,15-09-2024,Success
PAY00191,ORD00191,UPI,68307.42,08-02-2023,Refunded
PAY00192,ORD00192,COD,9903.58,04-09-2024,Success
PAY00193,ORD00193,UPI,68328.17,12-09-2024,Success
PAY00194,ORD00194,Debit Card,11259.64,04-07-2024,Success
PAY00195,ORD00195,Wallet,90469.51,03-07-2023,Success
PAY00196,ORD00196,Wallet,21322.17,20-07-2023,Refunded
PAY00197,ORD00197,Wallet,16219.54,2023-03-21,Refunded
PAY00198,ORD00198,Wallet,31372.46,05-19-2024,Refunded
PAY00199,ORD00199,Wallet,12800.74,07-06-2023,Refunded
PAY00200,ORD00200,Wallet,12153.06,09-02-2023,Success
PAY00201,ORD00201,COD,2653.58,29-11-2024,Refunded
PAY00202,ORD00202,Credit Card,3396.74,01-05-2024,Success
PAY00203,ORD00203,Wallet,11988.75,2023-02-01,Success
PAY00204,ORD00204,credit card,13060.65,02-10-2023,Success
PAY00205,ORD00205,Wallet,9379.26,20-07-2023,Refunded
PAY00206,ORD00206,UPI,9327.13,11-10-2024,Refunded
PAY00207,ORD00207,COD,7276.04,16-08-2023,Success
PAY00208,ORD00208,credit card,49400.43,2023-09-24,Success
PAY00209,ORD00209,UPI,45690.94,12-12-2023,Success
PAY00210,ORD00210,COD,53112.75,12-08-2024,Success
PAY00211,ORD00211,Net Banking,17366.29,14-09-2024,Success
PAY00212,ORD00212,COD,38852.93,01-27-2023,Success
PAY00213,ORD00213,credit card,,11-25-2023,Refunded
PAY00214,ORD00214,COD,13712.25,18-07-2023,Refunded
PAY00215,ORD00215,Debit Card,51019.77,04-26-2023,Success
PAY00216,ORD00216,Credit Card,13878.41,22-12-2024,Refunded
PAY00217,ORD00217,Credit Card,1394.49,08-01-2024,Success
PAY00218,ORD00218,credit card,4467.37,21-04-2023,Success
PAY00219,ORD00219,Debit Card,60949.85,27-06-2023,Success
PAY00220,ORD00220,COD,20563.01,2024-06-21,Refunded
PAY00221,ORD00221,Wallet,18170.89,2023-02-16,Refunded
PAY00222,ORD00222,UPI,34390.43,2024-10-20,Refunded
PAY00223,ORD00223,Credit Card,24612.21,07-01-2023,Success
PAY00224,ORD00224,Wallet,5171.00,11-09-2024,Success
PAY00225,ORD00225,COD,36643.85,29-08-2023,Success
PAY00226,ORD00226,credit card,35179.58,03-14-2024,Refunded
PAY00227,ORD00227,COD,12188.84,04-05-2024,Success
PAY00228,ORD00228,UPI,26047.88,12-12-2023,Success
PAY00229,ORD00229,credit card,5738.65,08-03-2024,Success
PAY00230,ORD00230,COD,55779.50,12-05-2023,Success
PAY00231,ORD00231,Debit Card,80910.38,14-03-2024,Success
PAY00232,ORD00232,Credit Card,21322.17,13-02-2023,Failed
PAY00233,ORD00233,Net Banking,76263.93,2023-08-26,Success
PAY00234,ORD00234,Debit Card,16592.36,2023-11-21,Success
PAY00235,ORD00235,credit card,23437.17,18-06-2024,Refunded
PAY00236,ORD00236,UPI,47302.08,18-10-2023,Refunded
PAY00237,ORD00237,COD,8109.77,17-05-2024,Refunded
PAY00238,ORD00238,COD,12428.49,10-14-2024,Success
PAY00239,ORD00239,COD,8784.76,07-01-2023,Refunded
PAY00240,ORD00240,credit card,40169.02,13-03-2023,Success
PAY00241,ORD00241,Debit Card,14318.00,2023-07-14,Success
PAY00242,ORD00242,Credit Card,74682.83,2024-10-01,Success
PAY00243,ORD00243,Debit Card,29218.00,01-03-2024,Success
PAY00244,ORD00244,Wallet,32978.00,29-06-2024,Success
PAY00245,ORD00245,Debit Card,16791.00,01-07-2023,Refunded
PAY00246,ORD00246,Wallet,3489.00,07-01-2024,Refunded
PAY00247,ORD00247,UPI,1139.48,03-02-2023,Refunded
PAY00248,ORD00248,Wallet,23489.04,04-11-2024,Refunded
PAY00249,ORD00249,Credit Card,31588.16,07-06-2023,Refunded
PAY00250,ORD00250,UPI,1374.00,04-12-2024,Refunded
PAY00251,ORD00251,UPI,9253.90,30-01-2023,Success
PAY00252,ORD00252,Net Banking,31373.85,2023-06-25,Refunded
PAY00253,ORD00253,Debit Card,42224.26,30-08-2023,Refunded
PAY00254,ORD00254,credit card,44415.73,20-12-2024,Success
PAY00255,ORD00255,credit card,26398.97,12-11-2023,Success
PAY00256,ORD00256,Wallet,47302.08,19-05-2024,Refunded
PAY00257,ORD00257,COD,21489.03,21-01-2023,Refunded
PAY00258,ORD00258,Wallet,36634.53,30-04-2023,Success
PAY00259,ORD00259,Credit Card,1742.40,06-28-2023,Refunded
PAY00260,ORD00260,credit card,19046.00,09-02-2024,Success
PAY00261,ORD00261,Debit Card,7372.85,25-12-2024,Refunded
PAY00262,ORD00262,UPI,53175.44,2024-11-22,Refunded
PAY00263,ORD00263,COD,74529.33,25-02-2023,Success
PAY00264,ORD00264,COD,1498.56,05-15-2024,Success
PAY00265,ORD00265,credit card,68211.06,10-12-2024,Refunded
PAY00266,ORD00266,UPI,8748.28,07-01-2024,Success
PAY00267,ORD00267,Net Banking,,06-11-2023,Success
PAY00268,ORD00268,credit card,31621.00,10-03-2023,Success
PAY00269,ORD00269,Net Banking,27169.32,2024-08-07,Success
PAY00270,ORD00270,UPI,38277.17,21-06-2023,Refunded
PAY00271,ORD00271,COD,48503.07,11-10-2023,Success
PAY00272,ORD00272,Credit Card,391.62,2024-04-26,Success
PAY00273,ORD00273,Debit Card,23950.70,28-04-2023,Refunded
PAY00274,ORD00274,UPI,64366.75,2023-06-11,Success
PAY00275,ORD00275,COD,28883.16,07-11-2024,Refunded
PAY00276,ORD00276,Debit Card,20147.93,2024-02-17,Success
PAY00277,ORD00277,Credit Card,15794.08,02-02-2023,Refunded
PAY00278,ORD00278,Wallet,3210.58,22-07-2023,Success
PAY00279,ORD00279,Net Banking,12889.64,12-12-2023,Failed
PAY00280,ORD00280,Wallet,103753.67,12-11-2024,Success
PAY00281,ORD00281,UPI,12274.70,16-10-2023,Success
PAY00282,ORD00282,Credit Card,14609.00,11-30-2024,Success
PAY00283,ORD00283,credit card,85365.96,13-08-2024,Refunded
PAY00284,ORD00284,COD,21955.00,18-01-2023,Success
PAY00285,ORD00285,credit card,10501.67,2023-03-09,Success
PAY00286,ORD00286,credit card,14074.70,12-12-2024,Success
PAY00287,ORD00287,Net Banking,2258.00,02-05-2023,Success
PAY00288,ORD00288,credit card,5829.88,06-07-2024,Refunded
PAY00289,ORD00289,Net Banking,6975.00,2023-09-23,Success
PAY00290,ORD00290,Credit Card,48276.00,2024-05-08,Refunded
PAY00291,ORD00291,UPI,21112.13,07-24-2024,Success
PAY00292,ORD00292,Credit Card,23558.64,03-29-2023,Success
PAY00293,ORD00293,COD,34807.30,10-05-2023,Refunded
PAY00294,ORD00294,credit card,2790.97,2023-06-12,Success
PAY00295,ORD00295,Credit Card,39899.34,2023-05-08,Success
PAY00296,ORD00296,Wallet,17132.25,10-17-2024,Refunded
PAY00297,ORD00297,Debit Card,9523.00,27-08-2024,Refunded
PAY00298,ORD00298,UPI,24516.70,09-15-2023,Refunded
PAY00299,ORD00299,COD,20074.14,2023-01-03,Refunded
PAY00300,ORD00300,Credit Card,30841.00,2024-06-10,Failed
PAY00301,ORD00301,Credit Card,66116.71,27-02-2024,Failed
PAY00302,ORD00302,COD,61187.48,04-03-2023,Refunded
PAY00303,ORD00303,Credit Card,14074.70,17-11-2024,Refunded
PAY00304,ORD00304,Credit Card,8048.80,21-04-2023,Success
PAY00305,ORD00305,Debit Card,5845.81,02-13-2023,Refunded
PAY00306,ORD00306,Credit Card,3387.00,23-08-2023,Refunded
PAY00307,ORD00307,COD,7497.47,27-06-2024,Refunded
PAY00308,ORD00308,COD,28645.65,21-12-2024,Success
PAY00309,ORD00309,COD,24165.21,28-06-2024,Failed
PAY00310,ORD00310,COD,8748.28,2023-07-29,Refunded
PAY00311,ORD00311,Net Banking,19141.47,07-25-2023,Success
PAY00312,ORD00312,COD,50490.48,02-08-2024,Refunded
PAY00313,ORD00313,credit card,15439.57,21-06-2024,Refunded
PAY00314,ORD00314,Credit Card,29079.58,09-30-2023,Refunded
PAY00315,ORD00315,COD,2206.82,2024-10-03,Success
PAY00316,ORD00316,Credit Card,25494.12,05-12-2024,Refunded
PAY00317,ORD00317,Credit Card,,01-11-2024,Success
PAY00318,ORD00318,COD,17277.86,19-11-2023,Refunded
PAY00319,ORD00319,credit card,72468.00,13-02-2023,Refunded
PAY00320,ORD00320,COD,42432.45,09-04-2024,Refunded
PAY00321,ORD00321,Wallet,12119.04,2024-10-25,Refunded
PAY00322,ORD00322,Debit Card,16967.19,27-01-2024,Refunded
PAY00323,ORD00323,Debit Card,56489.17,11-05-2024,Refunded
PAY00324,ORD00324,Wallet,22266.81,12-09-2023,Refunded
PAY00325,ORD00325,COD,8109.77,06-12-2024,Refunded
PAY00326,ORD00326,Wallet,62629.88,10-03-2023,Success
PAY00327,ORD00327,UPI,,2024-04-23,Refunded
PAY00328,ORD00328,Debit Card,9379.26,26-02-2023,Refunded
PAY00329,ORD00329,COD,1394.49,2024-07-12,Success
PAY00330,ORD00330,UPI,83336.76,03-27-2023,Refunded
PAY00331,ORD00331,Credit Card,56743.29,03-14-2023,Success
PAY00332,ORD00332,UPI,28953.41,05-04-2023,Success
PAY00333,ORD00333,Net Banking,12586.00,26-03-2024,Success
PAY00334,ORD00334,UPI,24931.26,27-01-2023,Success
PAY00335,ORD00335,Wallet,4847.17,2024-11-13,Refunded
PAY00336,ORD00336,Net Banking,10467.00,29-03-2023,Success
PAY00337,ORD00337,Debit Card,84829.48,06-07-2024,Success
PAY00338,ORD00338,UPI,39818.77,09-03-2024,Success
PAY00339,ORD00339,Wallet,68473.39,21-02-2023,Refunded
PAY00340,ORD00340,credit card,4810.00,01-05-2023,Failed
PAY00341,ORD00341,COD,439.37,2024-03-13,Success
PAY00342,ORD00342,UPI,38131.30,21-11-2024,Success
PAY00343,ORD00343,credit card,10050.29,04-16-2024,Refunded
PAY00344,ORD00344,COD,1394.49,10-17-2023,Refunded
PAY00345,ORD00345,COD,3507.61,2024-03-15,Refunded
PAY00346,ORD00346,UPI,28569.00,12-01-2023,Refunded
PAY00347,ORD00347,COD,41337.06,31-12-2023,Success
PAY00348,ORD00348,COD,62526.94,2023-05-09,Refunded
PAY00349,ORD00349,COD,18506.25,29-06-2024,Success
PAY00350,ORD00350,UPI,5227.20,02-09-2024,Refunded
PAY00351,ORD00351,Debit Card,3336.15,2024-09-30,Refunded
PAY00352,ORD00352,Net Banking,7352.44,26-04-2023,Success
PAY00353,ORD00353,Net Banking,38537.77,21-04-2023,Refunded
PAY00354,ORD00354,Credit Card,5850.20,2023-09-12,Refunded
PAY00355,ORD00355,Debit Card,21915.03,2024-12-18,Success
PAY00356,ORD00356,COD,35491.38,22-05-2024,Refunded
PAY00357,ORD00357,COD,33858.00,02-02-2023,Success
PAY00358,ORD00358,Credit Card,42475.49,03-02-2024,Refunded
PAY00359,ORD00359,Wallet,18995.68,08-03-2023,Refunded
PAY00360,ORD00360,Credit Card,37381.58,17-04-2024,Success
PAY00361,ORD00361,Wallet,75166.96,2024-06-13,Success
PAY00362,ORD00362,UPI,569.74,10-03-2024,Success
PAY00363,ORD00363,Net Banking,42552.88,08-18-2024,Refunded
PAY00364,ORD00364,COD,79923.45,26-01-2024,Refunded
PAY00365,ORD00365,credit card,33703.37,25-09-2023,Success
PAY00366,ORD00366,Debit Card,3894.00,19-05-2023,Success
PAY00367,ORD00367,credit card,49110.00,2024-01-26,Refunded
PAY00368,ORD00368,Wallet,50972.19,2024-11-30,Success
PAY00369,ORD00369,Net Banking,4800.02,09-12-2023,Refunded
PAY00370,ORD00370,Debit Card,52013.44,24-09-2023,Success
PAY00371,ORD00371,COD,47786.79,2023-02-20,Refunded
PAY00372,ORD00372,UPI,23651.04,17-08-2024,Success
PAY00373,ORD00373,COD,19236.00,29-11-2024,Success
PAY00374,ORD00374,COD,80065.13,21-02-2023,Refunded
PAY00375,ORD00375,UPI,,15-11-2023,Success
PAY00376,ORD00376,Wallet,45270.03,2023-12-15,Success
PAY00377,ORD00377,credit card,44176.74,2023-07-16,Success
PAY00378,ORD00378,credit card,18995.68,02-19-2024,Success
PAY00379,ORD00379,COD,14318.00,2023-10-24,Refunded
PAY00380,ORD00380,credit card,1498.56,2023-02-24,Refunded
PAY00381,ORD00381,UPI,12119.04,02-05-2023,Refunded
PAY00382,ORD00382,Wallet,51497.34,05-04-2024,Refunded
PAY00383,ORD00383,credit card,19512.23,2024-02-04,Success
PAY00384,ORD00384,COD,2653.58,2023-04-13,Success
PAY00385,ORD00385,COD,10014.02,2023-01-07,Success
PAY00386,ORD00386,Wallet,39208.40,26-07-2024,Refunded
PAY00387,ORD00387,UPI,17403.65,01-02-2024,Success
PAY00388,ORD00388,COD,8784.76,23-02-2024,Success
PAY00389,ORD00389,Debit Card,14031.97,24-04-2023,Refunded
PAY00390,ORD00390,Net Banking,8780.13,05-05-2024,Success
PAY00391,ORD00391,COD,19651.00,2024-06-29,Success
PAY00392,ORD00392,UPI,26225.42,29-09-2023,Success
PAY00393,ORD00393,Net Banking,8689.09,17-09-2023,Refunded
PAY00394,ORD00394,Credit Card,2653.58,15-03-2024,Success
PAY00395,ORD00395,COD,19742.05,13-12-2023,Success
PAY00396,ORD00396,Debit Card,13395.63,18-07-2023,Success
PAY00397,ORD00397,COD,24138.00,09-21-2024,Refunded
PAY00398,ORD00398,Wallet,72264.30,12-02-2024,Refunded
PAY00399,ORD00399,UPI,17511.49,01-02-2023,Success
PAY00400,ORD00400,UPI,20051.49,01-05-2024,Refunded
PAY00401,ORD00401,Debit Card,6556.00,01-02-2024,Refunded
PAY00402,ORD00402,credit card,439.37,2023-07-19,Success
PAY00403,ORD00403,credit card,24143.00,30-05-2024,Success
PAY00404,ORD00404,credit card,76356.05,2023-11-09,Success
PAY00405,ORD00405,Debit Card,73665.00,02-10-2024,Refunded
PAY00406,ORD00406,Debit Card,27363.73,20-12-2023,Success
PAY00407,ORD00407,credit card,89903.64,2024-03-13,Refunded
PAY00408,ORD00408,credit card,39641.85,01-05-2024,Success
PAY00409,ORD00409,Credit Card,14905.25,28-10-2024,Success
PAY00410,ORD00410,UPI,19757.15,29-05-2024,Success
PAY00411,ORD00411,COD,16929.00,24-06-2024,Refunded
PAY00412,ORD00412,COD,14673.70,11-19-2023,Refunded
PAY00413,ORD00413,Wallet,9253.90,05-04-2024,Success
PAY00414,ORD00414,Credit Card,14074.70,09-04-2024,Success
PAY00415,ORD00415,COD,17277.86,28-07-2023,Success
PAY00416,ORD00416,Net Banking,16990.73,16-04-2023,Success
PAY00417,ORD00417,Credit Card,19949.67,10-06-2023,Refunded
PAY00418,ORD00418,Net Banking,16167.69,2023-05-05,Success
PAY00419,ORD00419,UPI,15509.84,2023-01-03,Refunded
PAY00420,ORD00420,Wallet,8495.32,2023-04-28,Refunded
PAY00421,ORD00421,COD,13658.97,2024-07-14,Refunded
PAY00422,ORD00422,credit card,6556.00,06-04-2023,Success
PAY00423,ORD00423,COD,56908.88,27-10-2024,Success
PAY00424,ORD00424,Credit Card,23226.41,10-10-2023,Success
PAY00425,ORD00425,Net Banking,18733.00,23-02-2024,Refunded
PAY00426,ORD00426,Credit Card,,01-18-2023,Success
PAY00427,ORD00427,UPI,,13-10-2023,Refunded
PAY00428,ORD00428,Wallet,19097.10,2023-12-06,Refunded
PAY00429,ORD00429,COD,26074.76,11-15-2024,Success
PAY00430,ORD00430,Debit Card,,10-24-2024,Refunded
PAY00431,ORD00431,Debit Card,32978.00,21-12-2024,Success
PAY00432,ORD00432,Wallet,569.74,04-13-2023,Refunded
PAY00433,ORD00433,Wallet,55692.42,2024-09-21,Refunded
PAY00434,ORD00434,COD,1498.56,27-07-2023,Success
PAY00435,ORD00435,COD,13395.63,09-13-2024,Refunded
PAY00436,ORD00436,COD,40384.71,2024-06-16,Refunded
PAY00437,ORD00437,Debit Card,43775.92,01-15-2024,Refunded
PAY00438,ORD00438,Debit Card,27291.88,2024-01-22,Refunded
PAY00439,ORD00439,UPI,,31-03-2023,Success
PAY00440,ORD00440,Wallet,2022.74,08-10-2024,Success
PAY00441,ORD00441,Debit Card,19141.47,06-01-2023,Refunded
PAY00442,ORD00442,Wallet,39723.35,06-06-2024,Refunded
PAY00443,ORD00443,Wallet,14074.70,2023-10-25,Success
PAY00444,ORD00444,Wallet,3437.55,08-09-2024,Success
PAY00445,ORD00445,UPI,14609.00,09-15-2024,Success
PAY00446,ORD00446,COD,44028.74,05-25-2023,Refunded
PAY00447,ORD00447,Wallet,3638.21,25-12-2024,Refunded
PAY00448,ORD00448,COD,8784.76,18-04-2023,Success
PAY00449,ORD00449,Wallet,64753.60,16-02-2023,Success
PAY00450,ORD00450,Credit Card,19597.84,25-05-2023,Success
PAY00451,ORD00451,Wallet,19949.67,2024-12-28,Refunded
PAY00452,ORD00452,Debit Card,16791.00,13-08-2023,Success
PAY00453,ORD00453,Wallet,1103.41,20-05-2023,Success
PAY00454,ORD00454,UPI,52791.24,27-07-2024,Refunded
PAY00455,ORD00455,Credit Card,39848.22,12-05-2024,Success
PAY00456,ORD00456,Wallet,81939.08,05-20-2023,Success
PAY00457,ORD00457,Credit Card,19236.00,02-03-2023,Refunded
PAY00458,ORD00458,Debit Card,34807.30,2024-01-16,Refunded
PAY00459,ORD00459,Debit Card,22056.57,2024-11-03,Refunded
PAY00460,ORD00460,Debit Card,25249.45,14-02-2023,Refunded
PAY00461,ORD00461,Credit Card,29251.29,20-05-2023,Refunded
PAY00462,ORD00462,Wallet,19949.67,16-03-2024,Failed
PAY00463,ORD00463,Wallet,2258.00,2024-12-18,Success
PAY00464,ORD00464,credit card,27684.77,21-08-2023,Refunded
PAY00465,ORD00465,COD,64467.09,09-08-2024,Refunded
PAY00466,ORD00466,credit card,17012.00,21-09-2023,Refunded
PAY00467,ORD00467,COD,10050.29,01-04-2023,Success
PAY00468,ORD00468,COD,16421.00,26-03-2023,Success
PAY00469,ORD00469,Credit Card,17958.95,16-02-2023,Success
PAY00470,ORD00470,Net Banking,31359.98,03-12-2023,Refunded
PAY00471,ORD00471,credit card,13574.90,20-06-2024,Refunded
PAY00472,ORD00472,COD,37579.53,20-02-2024,Refunded
PAY00473,ORD00473,Credit Card,52788.46,03-04-2024,Refunded
PAY00474,ORD00474,COD,62238.21,08-07-2024,Refunded
PAY00475,ORD00475,credit card,7992.50,27-01-2024,Success
PAY00476,ORD00476,Credit Card,2665.44,02-24-2023,Refunded
PAY00477,ORD00477,Credit Card,70098.54,04-04-2024,Success
PAY00478,ORD00478,COD,16791.00,01-08-2024,Success
PAY00479,ORD00479,Credit Card,23226.41,08-12-2023,Success
PAY00480,ORD00480,COD,19065.65,2024-11-13,Refunded
PAY00481,ORD00481,Debit Card,69874.06,04-18-2024,Refunded
PAY00482,ORD00482,UPI,55621.79,10-30-2023,Refunded
PAY00483,ORD00483,UPI,16489.00,01-25-2023,Success
PAY00484,ORD00484,Net Banking,14370.95,2023-10-02,Refunded
PAY00485,ORD00485,Debit Card,48974.84,07-06-2023,Success
PAY00486,ORD00486,Credit Card,,2024-03-03,Success
PAY00487,ORD00487,credit card,27500.96,07-07-2023,Success
PAY00488,ORD00488,Wallet,39899.34,24-09-2024,Success
PAY00489,ORD00489,COD,24555.00,2024-05-19,Failed
PAY00490,ORD00490,UPI,59696.26,2024-07-17,Success
PAY00491,ORD00491,Credit Card,7560.33,2024-11-13,Success
PAY00492,ORD00492,COD,38516.42,24-11-2024,Failed
PAY00493,ORD00493,Net Banking,25006.55,2024-08-15,Refunded
PAY00494,ORD00494,credit card,30196.70,02-02-2023,Refunded
PAY00495,ORD00495,Debit Card,18140.40,2023-11-04,Success
PAY00496,ORD00496,UPI,12824.00,03-01-2024,Success
PAY00497,ORD00497,credit card,99872.13,15-12-2023,Refunded
PAY00498,ORD00498,COD,35705.43,03-02-2023,Refunded
PAY00499,ORD00499,Credit Card,11516.09,2024-03-14,Success
PAY00500,ORD00500,Wallet,35917.90,15-02-2023,Refunded
PAY00501,ORD00501,UPI,39254.00,12-08-2023,Success
PAY00502,ORD00502,COD,37580.74,19-01-2024,Success
PAY00503,ORD00503,COD,1129.00,22-01-2024,Failed
PAY00504,ORD00504,Net Banking,8780.13,2023-12-23,Refunded
PAY00505,ORD00505,COD,99127.03,05-14-2023,Refunded
PAY00506,ORD00506,Wallet,11259.64,2023-07-08,Success
PAY00507,ORD00507,Net Banking,37828.86,12-11-2023,Success
PAY00508,ORD00508,Credit Card,49224.42,2023-02-02,Success
PAY00509,ORD00509,Credit Card,19334.46,01-06-2023,Refunded
PAY00510,ORD00510,Credit Card,38364.57,2023-04-30,Success
PAY00511,ORD00511,Net Banking,15864.22,2024-09-23,Refunded
PAY00512,ORD00512,Wallet,52355.92,07-30-2024,Success
PAY00513,ORD00513,Debit Card,6624.90,08-30-2024,Refunded
PAY00514,ORD00514,Credit Card,13658.97,09-04-2023,Refunded
PAY00515,ORD00515,Credit Card,3507.61,05-25-2023,Success
PAY00516,ORD00516,Debit Card,7497.47,2024-04-19,Refunded
PAY00517,ORD00517,Credit Card,20821.32,2023-04-28,Success
PAY00518,ORD00518,Net Banking,8048.80,2024-07-17,Success
PAY00519,ORD00519,UPI,33934.38,14-09-2024,Refunded
PAY00520,ORD00520,Wallet,16592.36,03-12-2024,Success
PAY00521,ORD00521,Debit Card,64009.35,05-30-2024,Refunded
PAY00522,ORD00522,credit card,92846.54,25-03-2023,Success
PAY00523,ORD00523,Wallet,49748.90,2024-12-08,Refunded
PAY00524,ORD00524,Credit Card,9523.00,14-12-2023,Success
PAY00525,ORD00525,Debit Card,3487.50,20-01-2024,Success
PAY00526,ORD00526,UPI,17840.08,10-10-2023,Refunded
PAY00527,ORD00527,Credit Card,3210.58,10-06-2024,Refunded
PAY00528,ORD00528,UPI,,01-07-2023,Refunded
PAY00529,ORD00529,Net Banking,3210.58,2023-06-09,Success
PAY00530,ORD00530,COD,30768.06,13-10-2023,Success
PAY00531,ORD00531,Debit Card,15848.05,04-01-2024,Refunded
PAY00532,ORD00532,Credit Card,44909.55,11-10-2024,Refunded
PAY00533,ORD00533,UPI,16167.69,15-05-2023,Success
PAY00534,ORD00534,credit card,18035.08,2023-05-11,Refunded
PAY00535,ORD00535,Credit Card,391.62,2023-05-14,Refunded
PAY00536,ORD00536,COD,66325.99,2023-07-21,Success
PAY00537,ORD00537,credit card,61513.78,01-09-2024,Refunded
PAY00538,ORD00538,Wallet,8780.13,2024-02-12,Refunded
PAY00539,ORD00539,UPI,49901.58,2024-12-01,Refunded
PAY00540,ORD00540,COD,57967.05,2024-12-03,Success
PAY00541,ORD00541,Credit Card,6875.10,12-06-2023,Refunded
PAY00542,ORD00542,COD,9379.26,08-07-2024,Success
PAY00543,ORD00543,COD,10050.29,2024-08-04,Refunded
PAY00544,ORD00544,Debit Card,33646.64,2023-01-15,Refunded
PAY00545,ORD00545,COD,41727.70,02-07-2024,Success
PAY00546,ORD00546,COD,18733.00,08-02-2024,Refunded
PAY00547,ORD00547,credit card,73887.17,07-11-2023,Refunded
PAY00548,ORD00548,COD,4538.00,03-27-2024,Success
PAY00549,ORD00549,COD,40527.03,13-07-2023,Success
PAY00550,ORD00550,Credit Card,65365.00,09-11-2024,Success
PAY00551,ORD00551,UPI,5258.00,30-01-2024,Success
PAY00552,ORD00552,Debit Card,63504.13,31-05-2023,Success
PAY00553,ORD00553,UPI,105551.17,18-12-2023,Refunded
PAY00554,ORD00554,Debit Card,73585.88,2024-06-09,Success
PAY00555,ORD00555,Debit Card,4830.75,22-02-2024,Refunded
PAY00556,ORD00556,Debit Card,36873.38,08-07-2024,Success
PAY00557,ORD00557,credit card,23664.16,18-05-2023,Success
PAY00558,ORD00558,credit card,39995.28,09-01-2024,Success
PAY00559,ORD00559,Net Banking,20808.92,05-02-2023,Success
PAY00560,ORD00560,Wallet,20100.58,18-01-2024,Success
PAY00561,ORD00561,COD,59833.41,31-07-2024,Refunded
PAY00562,ORD00562,COD,37580.74,02-10-2023,Refunded
PAY00563,ORD00563,Net Banking,21248.29,07-31-2024,Success
PAY00564,ORD00564,COD,3638.21,08-31-2024,Refunded
PAY00565,ORD00565,COD,6412.00,15-10-2023,Success
PAY00566,ORD00566,COD,45107.34,2024-07-02,Refunded
PAY00567,ORD00567,Debit Card,40645.79,07-09-2023,Success
PAY00568,ORD00568,credit card,101436.19,11-02-2024,Success
PAY00569,ORD00569,Debit Card,19512.23,2023-09-03,Success
PAY00570,ORD00570,UPI,14670.34,2024-08-25,Refunded
PAY00571,ORD00571,Debit Card,14865.34,2023-10-20,Refunded
PAY00572,ORD00572,Net Banking,4538.00,06-11-2023,Success
PAY00573,ORD00573,credit card,24487.42,2023-08-07,Success
PAY00574,ORD00574,Net Banking,439.37,13-04-2024,Refunded
PAY00575,ORD00575,Credit Card,70777.25,2024-12-03,Success
PAY00576,ORD00576,UPI,26068.23,2023-05-04,Refunded
PAY00577,ORD00577,Debit Card,9026.55,24-07-2024,Refunded
PAY00578,ORD00578,credit card,13192.00,04-11-2024,Success
PAY00579,ORD00579,COD,3709.12,06-01-2024,Success
PAY00580,ORD00580,Credit Card,66434.74,18-07-2023,Refunded
PAY00581,ORD00581,COD,9631.74,01-06-2023,Success
PAY00582,ORD00582,Wallet,56967.39,03-16-2024,Refunded
PAY00583,ORD00583,Net Banking,55171.98,2023-01-04,Refunded
PAY00584,ORD00584,Credit Card,11700.40,06-10-2024,Success
PAY00585,ORD00585,Debit Card,,12-01-2024,Refunded
PAY00586,ORD00586,Credit Card,,06-05-2023,Success
PAY00587,ORD00587,UPI,41908.42,10-07-2023,Refunded
PAY00588,ORD00588,Debit Card,27317.94,10-09-2024,Success
PAY00589,ORD00589,Net Banking,3310.23,2024-06-25,Success
PAY00590,ORD00590,Credit Card,28775.64,07-22-2023,Success
PAY00591,ORD00591,UPI,46794.18,05-02-2024,Success
PAY00592,ORD00592,UPI,98526.21,10-08-2024,Success
PAY00593,ORD00593,UPI,47382.24,22-09-2024,Success
PAY00594,ORD00594,Net Banking,73678.82,06-04-2023,Success
PAY00595,ORD00595,UPI,,01-08-2024,Success
PAY00596,ORD00596,credit card,7276.04,08-21-2023,Success
PAY00597,ORD00597,Credit Card,76498.07,2023-04-04,Success
PAY00598,ORD00598,Credit Card,22056.57,02-03-2024,Refunded
PAY00599,ORD00599,UPI,9076.00,07-24-2023,Success
PAY00600,ORD00600,Credit Card,1742.40,06-09-2023,Failed
PAY00601,ORD00601,UPI,72429.00,05-19-2024,Success
PAY00602,ORD00602,COD,14210.79,04-05-2024,Refunded
PAY00603,ORD00603,UPI,78973.74,10-08-2023,Success
PAY00604,ORD00604,Credit Card,28063.94,14-09-2024,Success
PAY00605,ORD00605,credit card,39214.52,17-11-2024,Success
PAY00606,ORD00606,UPI,28779.05,12-29-2023,Success
PAY00607,ORD00607,credit card,8726.44,2024-11-02,Success
PAY00608,ORD00608,Wallet,27761.22,2023-09-08,Success
PAY00609,ORD00609,Credit Card,18240.16,12-01-2024,Refunded
PAY00610,ORD00610,Credit Card,28045.03,19-11-2023,Success
PAY00611,ORD00611,Debit Card,65162.04,28-11-2023,Refunded
PAY00612,ORD00612,Debit Card,19334.46,30-01-2024,Failed
PAY00613,ORD00613,COD,8748.28,08-23-2023,Success
PAY00614,ORD00614,Debit Card,12586.00,10-11-2023,Refunded
PAY00615,ORD00615,credit card,13049.63,16-03-2023,Failed
PAY00616,ORD00616,credit card,25191.65,2023-10-02,Refunded
PAY00617,ORD00617,credit card,92853.38,2023-01-18,Refunded
PAY00618,ORD00618,Net Banking,1498.56,04-06-2024,Refunded
PAY00619,ORD00619,Credit Card,16929.00,01-01-2023,Success
PAY00620,ORD00620,UPI,17277.86,2023-06-12,Failed
PAY00621,ORD00621,Debit Card,17536.48,2024-11-08,Refunded
PAY00622,ORD00622,Net Banking,39309.38,03-16-2024,Success
PAY00623,ORD00623,COD,33267.72,06-19-2024,Refunded
PAY00624,ORD00624,COD,4467.37,10-05-2024,Success
PAY00625,ORD00625,UPI,105787.27,2024-02-03,Success
PAY00626,ORD00626,Wallet,18733.00,06-03-2024,Refunded
PAY00627,ORD00627,COD,42095.91,2024-09-09,Success
PAY00628,ORD00628,credit card,4467.37,01-02-2023,Refunded
PAY00629,ORD00629,UPI,38282.94,2023-05-04,Success
PAY00630,ORD00630,credit card,391.62,23-01-2024,Success
PAY00631,ORD00631,COD,8935.42,2024-12-29,Refunded
PAY00632,ORD00632,COD,28106.67,04-20-2024,Failed
PAY00633,ORD00633,Wallet,1498.56,08-09-2024,Refunded
PAY00634,ORD00634,Debit Card,51484.29,07-26-2023,Success
PAY00635,ORD00635,Credit Card,29496.85,2023-12-05,Refunded
PAY00636,ORD00636,Net Banking,57355.53,16-12-2024,Refunded
PAY00637,ORD00637,COD,14074.70,08-01-2024,Success
PAY00638,ORD00638,Wallet,41220.57,12-10-2024,Refunded
PAY00639,ORD00639,Net Banking,19934.69,20-02-2023,Refunded
PAY00640,ORD00640,UPI,104045.94,23-04-2023,Refunded
PAY00641,ORD00641,COD,16140.40,12-03-2024,Refunded
PAY00642,ORD00642,credit card,11516.09,21-06-2024,Refunded
PAY00643,ORD00643,COD,1401.22,21-03-2024,Success
PAY00644,ORD00644,COD,42415.99,27-10-2023,Refunded
PAY00645,ORD00645,Debit Card,6412.00,2023-11-09,Success
PAY00646,ORD00646,Net Banking,9620.00,22-09-2023,Success
PAY00647,ORD00647,Net Banking,84695.22,10-04-2023,Refunded
PAY00648,ORD00648,UPI,5332.66,30-08-2024,Success
PAY00649,ORD00649,Wallet,16967.19,12-08-2023,Success
PAY00650,ORD00650,Debit Card,73836.63,08-07-2024,Success
PAY00651,ORD00651,Debit Card,24555.00,02-14-2023,Success
PAY00652,ORD00652,Net Banking,33055.18,12-27-2024,Success
PAY00653,ORD00653,UPI,72419.00,2023-05-09,Refunded
PAY00654,ORD00654,COD,16489.00,19-03-2024,Refunded
PAY00655,ORD00655,UPI,14031.97,2023-08-17,Refunded
PAY00656,ORD00656,credit card,49110.00,28-04-2023,Refunded
PAY00657,ORD00657,credit card,29575.68,12-31-2023,Refunded
PAY00658,ORD00658,Wallet,50901.57,07-22-2024,Refunded
PAY00659,ORD00659,Net Banking,23257.34,25-09-2023,Success
PAY00660,ORD00660,COD,35560.31,02-11-2024,Success
PAY00661,ORD00661,Net Banking,126230.76,17-07-2024,Refunded
PAY00662,ORD00662,Net Banking,29826.05,07-07-2023,Refunded
PAY00663,ORD00663,UPI,29218.00,12-09-2023,Success
PAY00664,ORD00664,UPI,53026.91,2023-08-01,Refunded
PAY00665,ORD00665,Net Banking,35680.16,08-16-2024,Failed
PAY00666,ORD00666,Credit Card,6556.00,28-10-2024,Refunded
PAY00667,ORD00667,COD,35721.13,2024-08-19,Success
PAY00668,ORD00668,Wallet,7352.44,2023-10-20,Success
PAY00669,ORD00669,Credit Card,10410.66,2023-11-23,Success
PAY00670,ORD00670,Credit Card,29967.88,26-07-2024,Success
PAY00671,ORD00671,UPI,73128.00,11-12-2023,Success
PAY00672,ORD00672,UPI,32777.05,2023-08-28,Refunded
PAY00673,ORD00673,credit card,50932.21,21-04-2023,Success
PAY00674,ORD00674,Net Banking,,22-07-2023,Refunded
PAY00675,ORD00675,Debit Card,2584.82,05-06-2023,Refunded
PAY00676,ORD00676,Credit Card,19737.51,13-03-2024,Refunded
PAY00677,ORD00677,credit card,631.98,28-02-2023,Refunded
PAY00678,ORD00678,Net Banking,29639.43,27-06-2023,Success
PAY00679,ORD00679,Wallet,19651.00,30-01-2023,Refunded
PAY00680,ORD00680,Credit Card,21159.40,10-31-2023,Refunded
PAY00681,ORD00681,Debit Card,13078.76,16-06-2023,Success
PAY00682,ORD00682,COD,47302.08,2024-01-18,Refunded
PAY00683,ORD00683,COD,73015.78,07-13-2024,Refunded
PAY00684,ORD00684,Wallet,26265.90,12-08-2024,Success
PAY00685,ORD00685,COD,49467.00,07-09-2024,Success
PAY00686,ORD00686,COD,8679.51,08-07-2024,Success
PAY00687,ORD00687,UPI,439.37,25-04-2024,Refunded
PAY00688,ORD00688,UPI,18813.00,2024-09-05,Success
PAY00689,ORD00689,COD,6875.10,30-06-2024,Success
PAY00690,ORD00690,Net Banking,4647.09,04-10-2024,Refunded
PAY00691,ORD00691,UPI,70736.67,2023-03-28,Refunded
PAY00692,ORD00692,Wallet,6427.19,12-02-2023,Success
PAY00693,ORD00693,Credit Card,15047.95,03-17-2023,Refunded
PAY00694,ORD00694,COD,21887.96,06-10-2024,Refunded
PAY00695,ORD00695,Debit Card,8780.13,26-09-2024,Success
PAY00696,ORD00696,credit card,41717.79,04-23-2023,Refunded
PAY00697,ORD00697,UPI,10109.00,02-02-2024,Success
PAY00698,ORD00698,UPI,18240.16,05-01-2024,Refunded
PAY00699,ORD00699,COD,15047.95,26-11-2024,Success
PAY00700,ORD00700,COD,11021.21,16-07-2023,Success
PAY00701,ORD00701,Net Banking,50205.58,24-10-2023,Success
PAY00702,ORD00702,COD,12586.00,06-15-2024,Refunded
PAY00703,ORD00703,Credit Card,84050.51,22-01-2023,Success
PAY00704,ORD00704,credit card,15120.66,22-01-2024,Refunded
PAY00705,ORD00705,Net Banking,30636.24,04-03-2024,Success
PAY00706,ORD00706,COD,59402.98,04-11-2024,Success
PAY00707,ORD00707,COD,6556.00,07-09-2023,Success
PAY00708,ORD00708,credit card,24612.21,13-06-2023,Refunded
PAY00709,ORD00709,COD,27662.71,13-02-2024,Refunded
PAY00710,ORD00710,UPI,,13-01-2024,Success
PAY00711,ORD00711,Debit Card,43441.36,25-02-2024,Success
PAY00712,ORD00712,credit card,21887.96,11-11-2024,Refunded
PAY00713,ORD00713,Wallet,49110.00,06-07-2023,Success
PAY00714,ORD00714,UPI,28063.94,2024-01-22,Success
PAY00715,ORD00715,Credit Card,99895.53,18-07-2024,Success
PAY00716,ORD00716,Debit Card,26043.23,2024-07-05,Success
PAY00717,ORD00717,Net Banking,35667.29,2023-06-10,Refunded
PAY00718,ORD00718,UPI,117219.46,07-04-2023,Success
PAY00719,ORD00719,COD,6596.00,26-04-2023,Success
PAY00720,ORD00720,COD,120040.82,16-02-2024,Refunded
PAY00721,ORD00721,Debit Card,20110.11,2023-09-26,Success
PAY00722,ORD00722,UPI,8934.74,2024-11-20,Success
PAY00723,ORD00723,COD,34486.05,05-29-2024,Failed
PAY00724,ORD00724,Net Banking,34146.56,17-06-2024,Refunded
PAY00725,ORD00725,COD,18813.00,13-02-2024,Refunded
PAY00726,ORD00726,COD,48974.84,11-08-2023,Success
PAY00727,ORD00727,UPI,5330.88,22-03-2024,Refunded
PAY00728,ORD00728,UPI,,2024-12-07,Refunded
PAY00729,ORD00729,UPI,47302.08,28-06-2024,Failed
PAY00730,ORD00730,COD,14787.84,2024-06-07,Success
PAY00731,ORD00731,UPI,29575.68,21-02-2024,Refunded
PAY00732,ORD00732,UPI,17908.13,2023-07-23,Success
PAY00733,ORD00733,Credit Card,19627.00,03-18-2024,Success
PAY00734,ORD00734,Credit Card,18882.36,23-12-2023,Refunded
PAY00735,ORD00735,Net Banking,24948.84,2023-07-13,Refunded
PAY00736,ORD00736,Credit Card,108553.55,03-07-2023,Failed
PAY00737,ORD00737,Credit Card,23651.04,20-07-2024,Success
PAY00738,ORD00738,Credit Card,32204.80,02-12-2024,Success
PAY00739,ORD00739,COD,8689.09,21-08-2023,Refunded
PAY00740,ORD00740,COD,51173.79,28-07-2023,Refunded
PAY00741,ORD00741,Debit Card,12188.84,2024-10-12,Refunded
PAY00742,ORD00742,UPI,3709.12,18-04-2023,Refunded
PAY00743,ORD00743,Debit Card,,18-03-2023,Success
PAY00744,ORD00744,Net Banking,31043.97,15-09-2024,Success
PAY00745,ORD00745,credit card,25921.00,2024-04-17,Success
PAY00746,ORD00746,Credit Card,17569.52,05-08-2024,Refunded
PAY00747,ORD00747,COD,34596.51,15-01-2024,Success
PAY00748,ORD00748,Debit Card,7352.44,30-09-2023,Refunded
PAY00749,ORD00749,Wallet,49279.43,2024-02-24,Success
PAY00750,ORD00750,credit card,71141.09,05-03-2024,Success
PAY00751,ORD00751,credit card,10016.58,2023-07-02,Refunded
PAY00752,ORD00752,COD,47604.91,12-13-2024,Success
PAY00753,ORD00753,credit card,19065.65,07-04-2023,Success
PAY00754,ORD00754,COD,8930.42,30-08-2024,Refunded
PAY00755,ORD00755,COD,38644.70,2024-10-05,Success
PAY00756,ORD00756,UPI,12428.49,2024-09-14,Success
PAY00757,ORD00757,UPI,12679.46,02-26-2024,Refunded
PAY00758,ORD00758,Debit Card,1742.40,08-10-2024,Refunded
PAY00759,ORD00759,Wallet,4538.00,11-27-2024,Refunded
PAY00760,ORD00760,COD,19627.00,19-03-2023,Success
PAY00761,ORD00761,Debit Card,1292.41,06-09-2023,Success
PAY00762,ORD00762,Net Banking,41619.67,2024-08-18,Success
PAY00763,ORD00763,Credit Card,68732.39,2023-11-20,Refunded
PAY00764,ORD00764,COD,1292.41,01-12-2023,Success
PAY00765,ORD00765,UPI,9523.00,2024-04-14,Success
PAY00766,ORD00766,Credit Card,,11-07-2024,Refunded
PAY00767,ORD00767,credit card,3709.12,2023-08-15,Refunded
PAY00768,ORD00768,Credit Card,12586.00,09-11-2023,Refunded
PAY00769,ORD00769,COD,38282.94,19-04-2023,Refunded
PAY00770,ORD00770,Credit Card,10404.46,02-04-2024,Refunded
PAY00771,ORD00771,Credit Card,6556.00,26-11-2024,Refunded
PAY00772,ORD00772,Debit Card,26742.86,02-09-2024,Refunded
PAY00773,ORD00773,credit card,70773.64,10-04-2023,Refunded
PAY00774,ORD00774,Wallet,3487.50,11-11-2024,Refunded
PAY00775,ORD00775,Wallet,150549.80,2023-01-20,Refunded
PAY00776,ORD00776,COD,20055.00,2023-02-05,Success
PAY00777,ORD00777,COD,21329.78,2024-12-05,Success
PAY00778,ORD00778,COD,47382.24,07-11-2023,Failed
PAY00779,ORD00779,COD,14318.00,12-11-2024,Refunded
PAY00780,ORD00780,credit card,10404.46,02-09-2023,Refunded
PAY00781,ORD00781,Debit Card,2584.82,12-19-2023,Refunded
PAY00782,ORD00782,credit card,12668.47,02-07-2023,Refunded
PAY00783,ORD00783,Debit Card,11975.35,06-12-2023,Success
PAY00784,ORD00784,Wallet,1498.56,09-22-2023,Refunded
PAY00785,ORD00785,COD,17012.00,02-12-2024,Refunded
PAY00786,ORD00786,COD,30095.90,09-04-2023,Success
PAY00787,ORD00787,Credit Card,34807.30,25-03-2023,Refunded
PAY00788,ORD00788,Net Banking,15384.03,2024-12-19,Success
PAY00789,ORD00789,Net Banking,73571.25,05-11-2024,Failed
PAY00790,ORD00790,Wallet,14031.97,17-10-2024,Refunded
PAY00791,ORD00791,Wallet,6596.00,05-10-2023,Refunded
PAY00792,ORD00792,credit card,13658.97,25-06-2023,Success
PAY00793,ORD00793,UPI,38258.04,21-12-2023,Refunded
PAY00794,ORD00794,Debit Card,8109.77,29-05-2024,Success
PAY00795,ORD00795,Wallet,8048.80,2023-12-11,Success
PAY00796,ORD00796,credit card,7497.47,05-04-2023,Success
PAY00797,ORD00797,COD,6672.30,10-01-2024,Refunded
PAY00798,ORD00798,COD,47965.80,25-06-2024,Success
PAY00799,ORD00799,Debit Card,8784.76,11-04-2023,Refunded
PAY00800,ORD00800,Net Banking,27167.54,08-25-2023,Success
PAY00801,ORD00801,Net Banking,20602.26,26-06-2024,Success
PAY00802,ORD00802,Net Banking,19065.65,21-10-2024,Success
PAY00803,ORD00803,Wallet,8935.42,2023-06-29,Success
PAY00804,ORD00804,Wallet,1139.48,2023-07-21,Success
PAY00805,ORD00805,UPI,62961.51,06-03-2023,Refunded
PAY00806,ORD00806,COD,29097.85,07-11-2024,Refunded
PAY00807,ORD00807,Wallet,73462.26,2024-06-08,Refunded
PAY00808,ORD00808,credit card,18813.00,04-05-2024,Refunded
PAY00809,ORD00809,Wallet,19322.35,05-05-2024,Refunded
PAY00810,ORD00810,COD,70794.92,08-03-2023,Success
PAY00811,ORD00811,UPI,28137.78,12-08-2024,Refunded
PAY00812,ORD00812,COD,4538.00,2023-12-16,Refunded
PAY00813,ORD00813,Credit Card,1103.41,29-06-2024,Refunded
PAY00814,ORD00814,Net Banking,6596.00,01-12-2024,Success
PAY00815,ORD00815,COD,34458.24,25-10-2023,Refunded
PAY00816,ORD00816,COD,55877.89,10-06-2024,Success
PAY00817,ORD00817,credit card,17840.08,28-07-2024,Refunded
PAY00818,ORD00818,credit card,32358.52,07-08-2024,Refunded
PAY00819,ORD00819,Debit Card,23520.66,22-02-2023,Refunded
PAY00820,ORD00820,Wallet,42681.90,2024-09-15,Refunded
PAY00821,ORD00821,Net Banking,43647.62,2024-04-07,Refunded
PAY00822,ORD00822,COD,5845.81,26-09-2023,Success
PAY00823,ORD00823,Net Banking,20051.49,06-13-2023,Success
PAY00824,ORD00824,Debit Card,19072.59,2023-08-11,Success
PAY00825,ORD00825,COD,19072.59,2023-04-27,Refunded
PAY00826,ORD00826,Debit Card,50990.82,2023-12-11,Refunded
PAY00827,ORD00827,UPI,67462.12,03-31-2024,Success
PAY00828,ORD00828,credit card,391.62,03-11-2024,Success
PAY00829,ORD00829,credit card,72111.77,03-11-2024,Success
PAY00830,ORD00830,Wallet,17569.52,13-01-2023,Success
PAY00831,ORD00831,Credit Card,3638.21,2023-05-05,Refunded
PAY00832,ORD00832,Credit Card,12119.04,29-06-2024,Refunded
PAY00833,ORD00833,COD,37985.73,19-11-2023,Refunded
PAY00834,ORD00834,Credit Card,33028.00,07-12-2024,Refunded
PAY00835,ORD00835,Debit Card,19949.67,2023-12-02,Success
PAY00836,ORD00836,Net Banking,18049.47,07-31-2023,Success
PAY00837,ORD00837,Wallet,20100.58,16-02-2024,Success
PAY00838,ORD00838,Net Banking,17132.25,06-05-2024,Refunded
PAY00839,ORD00839,credit card,14905.25,2024-09-25,Refunded
PAY00840,ORD00840,credit card,28815.87,2024-03-16,Success
PAY00841,ORD00841,Wallet,113752.87,30-03-2023,Success
PAY00842,ORD00842,Net Banking,47302.08,04-08-2024,Refunded
PAY00843,ORD00843,Debit Card,9253.90,09-10-2023,Refunded
PAY00844,ORD00844,UPI,11259.64,09-03-2023,Refunded
PAY00845,ORD00845,Credit Card,1498.56,07-11-2024,Refunded
PAY00846,ORD00846,COD,,13-09-2023,Refunded
PAY00847,ORD00847,COD,70515.60,2023-09-20,Success
PAY00848,ORD00848,Debit Card,39845.13,04-18-2023,Refunded
PAY00849,ORD00849,Net Banking,21828.12,12-10-2024,Success
PAY00850,ORD00850,Credit Card,24192.69,2023-05-08,Success
PAY00851,ORD00851,UPI,1742.40,2023-08-08,Success
PAY00852,ORD00852,COD,22764.00,2023-05-18,Refunded
PAY00853,ORD00853,COD,30095.90,25-06-2024,Success
PAY00854,ORD00854,Credit Card,1374.00,2024-08-11,Refunded
PAY00855,ORD00855,COD,1401.22,2024-11-06,Refunded
PAY00856,ORD00856,COD,19512.23,06-05-2024,Success
PAY00857,ORD00857,credit card,36116.00,24-12-2024,Success
PAY00858,ORD00858,Wallet,109664.06,2024-05-17,Success
PAY00859,ORD00859,Credit Card,14542.21,2024-03-11,Refunded
PAY00860,ORD00860,COD,38479.76,05-02-2023,Refunded
PAY00861,ORD00861,Debit Card,3180.74,07-30-2023,Success
PAY00862,ORD00862,Net Banking,17993.31,08-08-2023,Success
PAY00863,ORD00863,Wallet,,2023-09-15,Refunded
PAY00864,ORD00864,Credit Card,5845.81,26-04-2023,Refunded
PAY00865,ORD00865,Credit Card,37828.86,05-11-2023,Refunded
PAY00866,ORD00866,UPI,24156.00,2023-09-26,Refunded
PAY00867,ORD00867,Net Banking,92480.95,2024-09-17,Success
PAY00868,ORD00868,Wallet,56278.75,08-01-2023,Success
PAY00869,ORD00869,Credit Card,38772.47,12-07-2024,Success
PAY00870,ORD00870,Debit Card,1374.00,13-06-2023,Success
PAY00871,ORD00871,Debit Card,78572.77,09-05-2024,Success
PAY00872,ORD00872,UPI,40717.37,07-11-2024,Success
PAY00873,ORD00873,Wallet,27925.09,04-02-2024,Failed
PAY00874,ORD00874,Net Banking,21489.03,2024-01-18,Refunded
PAY00875,ORD00875,UPI,16757.41,15-01-2023,Success
PAY00876,ORD00876,UPI,49408.12,2023-04-21,Refunded
PAY00877,ORD00877,COD,16960.46,2024-03-17,Failed
PAY00878,ORD00878,Credit Card,18995.68,06-02-2023,Refunded
PAY00879,ORD00879,Credit Card,58302.03,2023-06-05,Refunded
PAY00880,ORD00880,credit card,22557.35,08-31-2023,Failed
PAY00881,ORD00881,UPI,21720.68,05-01-2024,Refunded
PAY00882,ORD00882,Credit Card,4495.68,02-05-2024,Success
PAY00883,ORD00883,Debit Card,21887.96,20-05-2023,Failed
PAY00884,ORD00884,Credit Card,53876.85,08-10-2023,Refunded
PAY00885,ORD00885,Wallet,14609.00,2023-04-06,Success
PAY00886,ORD00886,Credit Card,12586.00,2024-04-28,Refunded
PAY00887,ORD00887,UPI,56987.04,26-01-2023,Refunded
PAY00888,ORD00888,COD,7801.36,2024-05-22,Success
PAY00889,ORD00889,Wallet,18690.58,10-04-2024,Success
PAY00890,ORD00890,Credit Card,17391.88,29-05-2023,Refunded
PAY00891,ORD00891,UPI,38769.08,2023-05-28,Success
PAY00892,ORD00892,UPI,28712.40,08-08-2023,Refunded
PAY00893,ORD00893,Credit Card,14552.08,11-09-2023,Success
PAY00894,ORD00894,UPI,17496.56,24-01-2023,Refunded
PAY00895,ORD00895,credit card,33396.90,19-08-2023,Refunded
PAY00896,ORD00896,Wallet,35839.88,2023-11-04,Refunded
PAY00897,ORD00897,COD,3210.58,09-12-2024,Success
PAY00898,ORD00898,Debit Card,19512.23,2023-05-15,Success
PAY00899,ORD00899,credit card,18406.49,2024-07-03,Refunded
PAY00900,ORD00900,COD,83443.68,20-12-2024,Refunded
